STE_NAME16	Year	DwellingStructure	TenureType	occupied_private_dwellings
New South Wales	2006			586
New South Wales	2006		Other tenure type	14
New South Wales	2006		Owned outright	473
New South Wales	2006		Owned with a mortgage	407
New South Wales	2006		Rented Housing co operative community church group	51
New South Wales	2006		Rented Landlord type not stated	18
New South Wales	2006		Rented Other landlord type	43
New South Wales	2006		Rented Person not in same household	113
New South Wales	2006		Rented Real estate agent	237
New South Wales	2006		Rented State or territory housing authority	64
New South Wales	2006	(Other)		5670
New South Wales	2006	(Other)	Other tenure type	528
New South Wales	2006	(Other)	Owned outright	15406
New South Wales	2006	(Other)	Owned with a mortgage	2548
New South Wales	2006	(Other)	Rented Housing co operative community church group	100
New South Wales	2006	(Other)	Rented Landlord type not stated	570
New South Wales	2006	(Other)	Rented Other landlord type	4502
New South Wales	2006	(Other)	Rented Person not in same household	2440
New South Wales	2006	(Other)	Rented Real estate agent	2894
New South Wales	2006	(Other)	Rented State or territory housing authority	152
New South Wales	2006	Flat/apartment		66013
New South Wales	2006	Flat/apartment	Other tenure type	5643
New South Wales	2006	Flat/apartment	Owned outright	65809
New South Wales	2006	Flat/apartment	Owned with a mortgage	70998
New South Wales	2006	Flat/apartment	Rented Housing co operative community church group	5321
New South Wales	2006	Flat/apartment	Rented Landlord type not stated	4218
New South Wales	2006	Flat/apartment	Rented Other landlord type	3956
New South Wales	2006	Flat/apartment	Rented Person not in same household	35016
New South Wales	2006	Flat/apartment	Rented Real estate agent	178590
New South Wales	2006	Flat/apartment	Rented State or territory housing authority	34930
New South Wales	2006	Semi-detached, row/terrace house, townhouse etc.		20225
New South Wales	2006	Semi-detached, row/terrace house, townhouse etc.	Other tenure type	4517
New South Wales	2006	Semi-detached, row/terrace house, townhouse etc.	Owned outright	59918
New South Wales	2006	Semi-detached, row/terrace house, townhouse etc.	Owned with a mortgage	56151
New South Wales	2006	Semi-detached, row/terrace house, townhouse etc.	Rented Housing co operative community church group	3204
New South Wales	2006	Semi-detached, row/terrace house, townhouse etc.	Rented Landlord type not stated	1995
New South Wales	2006	Semi-detached, row/terrace house, townhouse etc.	Rented Other landlord type	2555
New South Wales	2006	Semi-detached, row/terrace house, townhouse etc.	Rented Person not in same household	15055
New South Wales	2006	Semi-detached, row/terrace house, townhouse etc.	Rented Real estate agent	55826
New South Wales	2006	Semi-detached, row/terrace house, townhouse etc.	Rented State or territory housing authority	21905
New South Wales	2006	Separate house		91359
New South Wales	2006	Separate house	Other tenure type	9373
New South Wales	2006	Separate house	Owned outright	678933
New South Wales	2006	Separate house	Owned with a mortgage	615233
New South Wales	2006	Separate house	Rented Housing co operative community church group	6148
New South Wales	2006	Separate house	Rented Landlord type not stated	13088
New South Wales	2006	Separate house	Rented Other landlord type	16755
New South Wales	2006	Separate house	Rented Person not in same household	79755
New South Wales	2006	Separate house	Rented Real estate agent	158700
New South Wales	2006	Separate house	Rented State or territory housing authority	52439
New South Wales	2011			846
New South Wales	2011		Other tenure type	143
New South Wales	2011		Owned outright	650
New South Wales	2011		Owned with a mortgage	626
New South Wales	2011		Rented Housing co operative community church group	75
New South Wales	2011		Rented Landlord type not stated	55
New South Wales	2011		Rented Other landlord type	216
New South Wales	2011		Rented Person not in same household	416
New South Wales	2011		Rented Real estate agent	828
New South Wales	2011		Rented State or territory housing authority	350
New South Wales	2011	(Other)		6559
New South Wales	2011	(Other)	Other tenure type	509
New South Wales	2011	(Other)	Owned outright	12443
New South Wales	2011	(Other)	Owned with a mortgage	1881
New South Wales	2011	(Other)	Rented Housing co operative community church group	59
New South Wales	2011	(Other)	Rented Landlord type not stated	439
New South Wales	2011	(Other)	Rented Other landlord type	4461
New South Wales	2011	(Other)	Rented Person not in same household	2320
New South Wales	2011	(Other)	Rented Real estate agent	2873
New South Wales	2011	(Other)	Rented State or territory housing authority	76
New South Wales	2011	Flat/apartment		52667
New South Wales	2011	Flat/apartment	Other tenure type	5823
New South Wales	2011	Flat/apartment	Owned outright	71921
New South Wales	2011	Flat/apartment	Owned with a mortgage	95791
New South Wales	2011	Flat/apartment	Rented Housing co operative community church group	6858
New South Wales	2011	Flat/apartment	Rented Landlord type not stated	3371
New South Wales	2011	Flat/apartment	Rented Other landlord type	4677
New South Wales	2011	Flat/apartment	Rented Person not in same household	39377
New South Wales	2011	Flat/apartment	Rented Real estate agent	195013
New South Wales	2011	Flat/apartment	Rented State or territory housing authority	36632
New South Wales	2011	Semi-detached, row/terrace house, townhouse etc.		19016
New South Wales	2011	Semi-detached, row/terrace house, townhouse etc.	Other tenure type	4636
New South Wales	2011	Semi-detached, row/terrace house, townhouse etc.	Owned outright	66641
New South Wales	2011	Semi-detached, row/terrace house, townhouse etc.	Owned with a mortgage	72465
New South Wales	2011	Semi-detached, row/terrace house, townhouse etc.	Rented Housing co operative community church group	4202
New South Wales	2011	Semi-detached, row/terrace house, townhouse etc.	Rented Landlord type not stated	1639
New South Wales	2011	Semi-detached, row/terrace house, townhouse etc.	Rented Other landlord type	3102
New South Wales	2011	Semi-detached, row/terrace house, townhouse etc.	Rented Person not in same household	18029
New South Wales	2011	Semi-detached, row/terrace house, townhouse etc.	Rented Real estate agent	63757
New South Wales	2011	Semi-detached, row/terrace house, townhouse etc.	Rented State or territory housing authority	24224
New South Wales	2011	Separate house		83457
New South Wales	2011	Separate house	Other tenure type	10329
New South Wales	2011	Separate house	Owned outright	678577
New South Wales	2011	Separate house	Owned with a mortgage	657379
New South Wales	2011	Separate house	Rented Housing co operative community church group	6278
New South Wales	2011	Separate house	Rented Landlord type not stated	10558
New South Wales	2011	Separate house	Rented Other landlord type	17280
New South Wales	2011	Separate house	Rented Person not in same household	87193
New South Wales	2011	Separate house	Rented Real estate agent	174215
New South Wales	2011	Separate house	Rented State or territory housing authority	48272
New South Wales	2016			3799
New South Wales	2016		Other tenure type	582
New South Wales	2016		Owned outright	3357
New South Wales	2016		Owned with a mortgage	2431
New South Wales	2016		Rented Housing co operative community church group	303
New South Wales	2016		Rented Landlord type not stated	252
New South Wales	2016		Rented Other landlord type	880
New South Wales	2016		Rented Person not in same household	1611
New South Wales	2016		Rented Real estate agent	2760
New South Wales	2016		Rented State or territory housing authority	257
New South Wales	2016	(Other)		9498
New South Wales	2016	(Other)	Other tenure type	463
New South Wales	2016	(Other)	Owned outright	13157
New South Wales	2016	(Other)	Owned with a mortgage	2721
New South Wales	2016	(Other)	Rented Housing co operative community church group	80
New South Wales	2016	(Other)	Rented Landlord type not stated	340
New South Wales	2016	(Other)	Rented Other landlord type	3569
New South Wales	2016	(Other)	Rented Person not in same household	2218
New South Wales	2016	(Other)	Rented Real estate agent	4555
New South Wales	2016	(Other)	Rented State or territory housing authority	217
New South Wales	2016	Flat/apartment		62672
New South Wales	2016	Flat/apartment	Other tenure type	6870
New South Wales	2016	Flat/apartment	Owned outright	77519
New South Wales	2016	Flat/apartment	Owned with a mortgage	96806
New South Wales	2016	Flat/apartment	Rented Housing co operative community church group	6883
New South Wales	2016	Flat/apartment	Rented Landlord type not stated	2985
New South Wales	2016	Flat/apartment	Rented Other landlord type	4956
New South Wales	2016	Flat/apartment	Rented Person not in same household	41155
New South Wales	2016	Flat/apartment	Rented Real estate agent	239099
New South Wales	2016	Flat/apartment	Rented State or territory housing authority	34367
New South Wales	2016	Semi-detached, row/terrace house, townhouse etc.		27786
New South Wales	2016	Semi-detached, row/terrace house, townhouse etc.	Other tenure type	6453
New South Wales	2016	Semi-detached, row/terrace house, townhouse etc.	Owned outright	80199
New South Wales	2016	Semi-detached, row/terrace house, townhouse etc.	Owned with a mortgage	83523
New South Wales	2016	Semi-detached, row/terrace house, townhouse etc.	Rented Housing co operative community church group	5149
New South Wales	2016	Semi-detached, row/terrace house, townhouse etc.	Rented Landlord type not stated	1694
New South Wales	2016	Semi-detached, row/terrace house, townhouse etc.	Rented Other landlord type	3223
New South Wales	2016	Semi-detached, row/terrace house, townhouse etc.	Rented Person not in same household	18926
New South Wales	2016	Semi-detached, row/terrace house, townhouse etc.	Rented Real estate agent	81719
New South Wales	2016	Semi-detached, row/terrace house, townhouse etc.	Rented State or territory housing authority	29117
New South Wales	2016	Separate house		111342
New South Wales	2016	Separate house	Other tenure type	10621
New South Wales	2016	Separate house	Owned outright	676639
New South Wales	2016	Separate house	Owned with a mortgage	658893
New South Wales	2016	Separate house	Rented Housing co operative community church group	5306
New South Wales	2016	Separate house	Rented Landlord type not stated	9173
New South Wales	2016	Separate house	Rented Other landlord type	15275
New South Wales	2016	Separate house	Rented Person not in same household	84429
New South Wales	2016	Separate house	Rented Real estate agent	197438
New South Wales	2016	Separate house	Rented State or territory housing authority	41599
Victoria	2006			66
Victoria	2006		Other tenure type	15
Victoria	2006		Owned outright	121
Victoria	2006		Owned with a mortgage	98
Victoria	2006		Rented Housing co operative community church group	28
Victoria	2006		Rented Landlord type not stated	3
Victoria	2006		Rented Other landlord type	12
Victoria	2006		Rented Person not in same household	15
Victoria	2006		Rented Real estate agent	63
Victoria	2006		Rented State or territory housing authority	17
Victoria	2006	(Other)		2610
Victoria	2006	(Other)	Other tenure type	186
Victoria	2006	(Other)	Owned outright	5024
Victoria	2006	(Other)	Owned with a mortgage	1814
Victoria	2006	(Other)	Rented Housing co operative community church group	36
Victoria	2006	(Other)	Rented Landlord type not stated	284
Victoria	2006	(Other)	Rented Other landlord type	2889
Victoria	2006	(Other)	Rented Person not in same household	1641
Victoria	2006	(Other)	Rented Real estate agent	1339
Victoria	2006	(Other)	Rented State or territory housing authority	65
Victoria	2006	Flat/apartment		30926
Victoria	2006	Flat/apartment	Other tenure type	2538
Victoria	2006	Flat/apartment	Owned outright	37406
Victoria	2006	Flat/apartment	Owned with a mortgage	34109
Victoria	2006	Flat/apartment	Rented Housing co operative community church group	3359
Victoria	2006	Flat/apartment	Rented Landlord type not stated	2584
Victoria	2006	Flat/apartment	Rented Other landlord type	2690
Victoria	2006	Flat/apartment	Rented Person not in same household	21016
Victoria	2006	Flat/apartment	Rented Real estate agent	95000
Victoria	2006	Flat/apartment	Rented State or territory housing authority	21623
Victoria	2006	Semi-detached, row/terrace house, townhouse etc.		13815
Victoria	2006	Semi-detached, row/terrace house, townhouse etc.	Other tenure type	2630
Victoria	2006	Semi-detached, row/terrace house, townhouse etc.	Owned outright	45769
Victoria	2006	Semi-detached, row/terrace house, townhouse etc.	Owned with a mortgage	42300
Victoria	2006	Semi-detached, row/terrace house, townhouse etc.	Rented Housing co operative community church group	1243
Victoria	2006	Semi-detached, row/terrace house, townhouse etc.	Rented Landlord type not stated	1355
Victoria	2006	Semi-detached, row/terrace house, townhouse etc.	Rented Other landlord type	1102
Victoria	2006	Semi-detached, row/terrace house, townhouse etc.	Rented Person not in same household	12996
Victoria	2006	Semi-detached, row/terrace house, townhouse etc.	Rented Real estate agent	42433
Victoria	2006	Semi-detached, row/terrace house, townhouse etc.	Rented State or territory housing authority	9042
Victoria	2006	Separate house		78703
Victoria	2006	Separate house	Other tenure type	7104
Victoria	2006	Separate house	Owned outright	560604
Victoria	2006	Separate house	Owned with a mortgage	556479
Victoria	2006	Separate house	Rented Housing co operative community church group	2967
Victoria	2006	Separate house	Rented Landlord type not stated	8924
Victoria	2006	Separate house	Rented Other landlord type	9130
Victoria	2006	Separate house	Rented Person not in same household	64705
Victoria	2006	Separate house	Rented Real estate agent	116289
Victoria	2006	Separate house	Rented State or territory housing authority	24226
Victoria	2011			78
Victoria	2011		Other tenure type	27
Victoria	2011		Owned outright	161
Victoria	2011		Owned with a mortgage	211
Victoria	2011		Rented Housing co operative community church group	6
Victoria	2011		Rented Landlord type not stated	15
Victoria	2011		Rented Other landlord type	68
Victoria	2011		Rented Person not in same household	130
Victoria	2011		Rented Real estate agent	186
Victoria	2011		Rented State or territory housing authority	29
Victoria	2011	(Other)		2897
Victoria	2011	(Other)	Other tenure type	230
Victoria	2011	(Other)	Owned outright	5056
Victoria	2011	(Other)	Owned with a mortgage	1291
Victoria	2011	(Other)	Rented Housing co operative community church group	19
Victoria	2011	(Other)	Rented Landlord type not stated	249
Victoria	2011	(Other)	Rented Other landlord type	3230
Victoria	2011	(Other)	Rented Person not in same household	1431
Victoria	2011	(Other)	Rented Real estate agent	1316
Victoria	2011	(Other)	Rented State or territory housing authority	46
Victoria	2011	Flat/apartment		27013
Victoria	2011	Flat/apartment	Other tenure type	3514
Victoria	2011	Flat/apartment	Owned outright	39817
Victoria	2011	Flat/apartment	Owned with a mortgage	43433
Victoria	2011	Flat/apartment	Rented Housing co operative community church group	3622
Victoria	2011	Flat/apartment	Rented Landlord type not stated	2159
Victoria	2011	Flat/apartment	Rented Other landlord type	2736
Victoria	2011	Flat/apartment	Rented Person not in same household	22147
Victoria	2011	Flat/apartment	Rented Real estate agent	109002
Victoria	2011	Flat/apartment	Rented State or territory housing authority	21212
Victoria	2011	Semi-detached, row/terrace house, townhouse etc.		13042
Victoria	2011	Semi-detached, row/terrace house, townhouse etc.	Other tenure type	2850
Victoria	2011	Semi-detached, row/terrace house, townhouse etc.	Owned outright	48909
Victoria	2011	Semi-detached, row/terrace house, townhouse etc.	Owned with a mortgage	51185
Victoria	2011	Semi-detached, row/terrace house, townhouse etc.	Rented Housing co operative community church group	1775
Victoria	2011	Semi-detached, row/terrace house, townhouse etc.	Rented Landlord type not stated	1257
Victoria	2011	Semi-detached, row/terrace house, townhouse etc.	Rented Other landlord type	1432
Victoria	2011	Semi-detached, row/terrace house, townhouse etc.	Rented Person not in same household	13942
Victoria	2011	Semi-detached, row/terrace house, townhouse etc.	Rented Real estate agent	51511
Victoria	2011	Semi-detached, row/terrace house, townhouse etc.	Rented State or territory housing authority	9507
Victoria	2011	Separate house		75626
Victoria	2011	Separate house	Other tenure type	8686
Victoria	2011	Separate house	Owned outright	577128
Victoria	2011	Separate house	Owned with a mortgage	604471
Victoria	2011	Separate house	Rented Housing co operative community church group	3632
Victoria	2011	Separate house	Rented Landlord type not stated	8172
Victoria	2011	Separate house	Rented Other landlord type	10431
Victoria	2011	Separate house	Rented Person not in same household	72681
Victoria	2011	Separate house	Rented Real estate agent	159168
Victoria	2011	Separate house	Rented State or territory housing authority	24489
Victoria	2016			1626
Victoria	2016		Other tenure type	226
Victoria	2016		Owned outright	1843
Victoria	2016		Owned with a mortgage	1806
Victoria	2016		Rented Housing co operative community church group	89
Victoria	2016		Rented Landlord type not stated	140
Victoria	2016		Rented Other landlord type	374
Victoria	2016		Rented Person not in same household	837
Victoria	2016		Rented Real estate agent	1577
Victoria	2016		Rented State or territory housing authority	136
Victoria	2016	(Other)		4503
Victoria	2016	(Other)	Other tenure type	215
Victoria	2016	(Other)	Owned outright	4283
Victoria	2016	(Other)	Owned with a mortgage	1554
Victoria	2016	(Other)	Rented Housing co operative community church group	37
Victoria	2016	(Other)	Rented Landlord type not stated	169
Victoria	2016	(Other)	Rented Other landlord type	2377
Victoria	2016	(Other)	Rented Person not in same household	1068
Victoria	2016	(Other)	Rented Real estate agent	1885
Victoria	2016	(Other)	Rented State or territory housing authority	106
Victoria	2016	Flat/apartment		33020
Victoria	2016	Flat/apartment	Other tenure type	2985
Victoria	2016	Flat/apartment	Owned outright	32358
Victoria	2016	Flat/apartment	Owned with a mortgage	40715
Victoria	2016	Flat/apartment	Rented Housing co operative community church group	3629
Victoria	2016	Flat/apartment	Rented Landlord type not stated	1503
Victoria	2016	Flat/apartment	Rented Other landlord type	2496
Victoria	2016	Flat/apartment	Rented Person not in same household	19616
Victoria	2016	Flat/apartment	Rented Real estate agent	124034
Victoria	2016	Flat/apartment	Rented State or territory housing authority	16231
Victoria	2016	Semi-detached, row/terrace house, townhouse etc.		25554
Victoria	2016	Semi-detached, row/terrace house, townhouse etc.	Other tenure type	4989
Victoria	2016	Semi-detached, row/terrace house, townhouse etc.	Owned outright	72945
Victoria	2016	Semi-detached, row/terrace house, townhouse etc.	Owned with a mortgage	81069
Victoria	2016	Semi-detached, row/terrace house, townhouse etc.	Rented Housing co operative community church group	2819
Victoria	2016	Semi-detached, row/terrace house, townhouse etc.	Rented Landlord type not stated	1712
Victoria	2016	Semi-detached, row/terrace house, townhouse etc.	Rented Other landlord type	2021
Victoria	2016	Semi-detached, row/terrace house, townhouse etc.	Rented Person not in same household	20151
Victoria	2016	Semi-detached, row/terrace house, townhouse etc.	Rented Real estate agent	94662
Victoria	2016	Semi-detached, row/terrace house, townhouse etc.	Rented State or territory housing authority	14070
Victoria	2016	Separate house		103025
Victoria	2016	Separate house	Other tenure type	9592
Victoria	2016	Separate house	Owned outright	577736
Victoria	2016	Separate house	Owned with a mortgage	625242
Victoria	2016	Separate house	Rented Housing co operative community church group	3431
Victoria	2016	Separate house	Rented Landlord type not stated	7172
Victoria	2016	Separate house	Rented Other landlord type	9927
Victoria	2016	Separate house	Rented Person not in same household	71931
Victoria	2016	Separate house	Rented Real estate agent	191085
Victoria	2016	Separate house	Rented State or territory housing authority	21695
Queensland	2006			151
Queensland	2006		Other tenure type	19
Queensland	2006		Owned outright	229
Queensland	2006		Owned with a mortgage	173
Queensland	2006		Rented Housing co operative community church group	76
Queensland	2006		Rented Landlord type not stated	19
Queensland	2006		Rented Other landlord type	174
Queensland	2006		Rented Person not in same household	98
Queensland	2006		Rented Real estate agent	143
Queensland	2006		Rented State or territory housing authority	111
Queensland	2006	(Other)		6953
Queensland	2006	(Other)	Other tenure type	798
Queensland	2006	(Other)	Owned outright	22416
Queensland	2006	(Other)	Owned with a mortgage	2504
Queensland	2006	(Other)	Rented Housing co operative community church group	115
Queensland	2006	(Other)	Rented Landlord type not stated	705
Queensland	2006	(Other)	Rented Other landlord type	7108
Queensland	2006	(Other)	Rented Person not in same household	1611
Queensland	2006	(Other)	Rented Real estate agent	549
Queensland	2006	(Other)	Rented State or territory housing authority	122
Queensland	2006	Flat/apartment		29436
Queensland	2006	Flat/apartment	Other tenure type	3990
Queensland	2006	Flat/apartment	Owned outright	26044
Queensland	2006	Flat/apartment	Owned with a mortgage	20898
Queensland	2006	Flat/apartment	Rented Housing co operative community church group	2542
Queensland	2006	Flat/apartment	Rented Landlord type not stated	2768
Queensland	2006	Flat/apartment	Rented Other landlord type	5084
Queensland	2006	Flat/apartment	Rented Person not in same household	29456
Queensland	2006	Flat/apartment	Rented Real estate agent	62501
Queensland	2006	Flat/apartment	Rented State or territory housing authority	13868
Queensland	2006	Semi-detached, row/terrace house, townhouse etc.		9387
Queensland	2006	Semi-detached, row/terrace house, townhouse etc.	Other tenure type	3561
Queensland	2006	Semi-detached, row/terrace house, townhouse etc.	Owned outright	23932
Queensland	2006	Semi-detached, row/terrace house, townhouse etc.	Owned with a mortgage	19428
Queensland	2006	Semi-detached, row/terrace house, townhouse etc.	Rented Housing co operative community church group	1781
Queensland	2006	Semi-detached, row/terrace house, townhouse etc.	Rented Landlord type not stated	1326
Queensland	2006	Semi-detached, row/terrace house, townhouse etc.	Rented Other landlord type	3160
Queensland	2006	Semi-detached, row/terrace house, townhouse etc.	Rented Person not in same household	15480
Queensland	2006	Semi-detached, row/terrace house, townhouse etc.	Rented Real estate agent	28790
Queensland	2006	Semi-detached, row/terrace house, townhouse etc.	Rented State or territory housing authority	6616
Queensland	2006	Separate house		63451
Queensland	2006	Separate house	Other tenure type	6457
Queensland	2006	Separate house	Owned outright	385849
Queensland	2006	Separate house	Owned with a mortgage	430246
Queensland	2006	Separate house	Rented Housing co operative community church group	5795
Queensland	2006	Separate house	Rented Landlord type not stated	9460
Queensland	2006	Separate house	Rented Other landlord type	18093
Queensland	2006	Separate house	Rented Person not in same household	73679
Queensland	2006	Separate house	Rented Real estate agent	133861
Queensland	2006	Separate house	Rented State or territory housing authority	27506
Queensland	2011			259
Queensland	2011		Other tenure type	73
Queensland	2011		Owned outright	737
Queensland	2011		Owned with a mortgage	256
Queensland	2011		Rented Housing co operative community church group	21
Queensland	2011		Rented Landlord type not stated	45
Queensland	2011		Rented Other landlord type	179
Queensland	2011		Rented Person not in same household	219
Queensland	2011		Rented Real estate agent	272
Queensland	2011		Rented State or territory housing authority	35
Queensland	2011	(Other)		6619
Queensland	2011	(Other)	Other tenure type	902
Queensland	2011	(Other)	Owned outright	22884
Queensland	2011	(Other)	Owned with a mortgage	1953
Queensland	2011	(Other)	Rented Housing co operative community church group	82
Queensland	2011	(Other)	Rented Landlord type not stated	595
Queensland	2011	(Other)	Rented Other landlord type	6931
Queensland	2011	(Other)	Rented Person not in same household	1538
Queensland	2011	(Other)	Rented Real estate agent	662
Queensland	2011	(Other)	Rented State or territory housing authority	123
Queensland	2011	Flat/apartment		21766
Queensland	2011	Flat/apartment	Other tenure type	2562
Queensland	2011	Flat/apartment	Owned outright	26239
Queensland	2011	Flat/apartment	Owned with a mortgage	25598
Queensland	2011	Flat/apartment	Rented Housing co operative community church group	3349
Queensland	2011	Flat/apartment	Rented Landlord type not stated	1964
Queensland	2011	Flat/apartment	Rented Other landlord type	4639
Queensland	2011	Flat/apartment	Rented Person not in same household	25484
Queensland	2011	Flat/apartment	Rented Real estate agent	75248
Queensland	2011	Flat/apartment	Rented State or territory housing authority	17039
Queensland	2011	Semi-detached, row/terrace house, townhouse etc.		10405
Queensland	2011	Semi-detached, row/terrace house, townhouse etc.	Other tenure type	3996
Queensland	2011	Semi-detached, row/terrace house, townhouse etc.	Owned outright	25269
Queensland	2011	Semi-detached, row/terrace house, townhouse etc.	Owned with a mortgage	25543
Queensland	2011	Semi-detached, row/terrace house, townhouse etc.	Rented Housing co operative community church group	2082
Queensland	2011	Semi-detached, row/terrace house, townhouse etc.	Rented Landlord type not stated	1271
Queensland	2011	Semi-detached, row/terrace house, townhouse etc.	Rented Other landlord type	3280
Queensland	2011	Semi-detached, row/terrace house, townhouse etc.	Rented Person not in same household	16080
Queensland	2011	Semi-detached, row/terrace house, townhouse etc.	Rented Real estate agent	41671
Queensland	2011	Semi-detached, row/terrace house, townhouse etc.	Rented State or territory housing authority	7830
Queensland	2011	Separate house		61824
Queensland	2011	Separate house	Other tenure type	8212
Queensland	2011	Separate house	Owned outright	392422
Queensland	2011	Separate house	Owned with a mortgage	483732
Queensland	2011	Separate house	Rented Housing co operative community church group	4305
Queensland	2011	Separate house	Rented Landlord type not stated	8296
Queensland	2011	Separate house	Rented Other landlord type	20374
Queensland	2011	Separate house	Rented Person not in same household	79732
Queensland	2011	Separate house	Rented Real estate agent	174682
Queensland	2011	Separate house	Rented State or territory housing authority	29272
Queensland	2016			3907
Queensland	2016		Other tenure type	253
Queensland	2016		Owned outright	2497
Queensland	2016		Owned with a mortgage	1547
Queensland	2016		Rented Housing co operative community church group	101
Queensland	2016		Rented Landlord type not stated	157
Queensland	2016		Rented Other landlord type	680
Queensland	2016		Rented Person not in same household	949
Queensland	2016		Rented Real estate agent	1626
Queensland	2016		Rented State or territory housing authority	174
Queensland	2016	(Other)		10149
Queensland	2016	(Other)	Other tenure type	665
Queensland	2016	(Other)	Owned outright	21223
Queensland	2016	(Other)	Owned with a mortgage	1958
Queensland	2016	(Other)	Rented Housing co operative community church group	47
Queensland	2016	(Other)	Rented Landlord type not stated	375
Queensland	2016	(Other)	Rented Other landlord type	4911
Queensland	2016	(Other)	Rented Person not in same household	1030
Queensland	2016	(Other)	Rented Real estate agent	746
Queensland	2016	(Other)	Rented State or territory housing authority	113
Queensland	2016	Flat/apartment		26317
Queensland	2016	Flat/apartment	Other tenure type	3020
Queensland	2016	Flat/apartment	Owned outright	28555
Queensland	2016	Flat/apartment	Owned with a mortgage	25327
Queensland	2016	Flat/apartment	Rented Housing co operative community church group	2933
Queensland	2016	Flat/apartment	Rented Landlord type not stated	1434
Queensland	2016	Flat/apartment	Rented Other landlord type	3496
Queensland	2016	Flat/apartment	Rented Person not in same household	21237
Queensland	2016	Flat/apartment	Rented Real estate agent	85608
Queensland	2016	Flat/apartment	Rented State or territory housing authority	13204
Queensland	2016	Semi-detached, row/terrace house, townhouse etc.		19061
Queensland	2016	Semi-detached, row/terrace house, townhouse etc.	Other tenure type	5175
Queensland	2016	Semi-detached, row/terrace house, townhouse etc.	Owned outright	31165
Queensland	2016	Semi-detached, row/terrace house, townhouse etc.	Owned with a mortgage	29491
Queensland	2016	Semi-detached, row/terrace house, townhouse etc.	Rented Housing co operative community church group	2847
Queensland	2016	Semi-detached, row/terrace house, townhouse etc.	Rented Landlord type not stated	1207
Queensland	2016	Semi-detached, row/terrace house, townhouse etc.	Rented Other landlord type	3693
Queensland	2016	Semi-detached, row/terrace house, townhouse etc.	Rented Person not in same household	16801
Queensland	2016	Semi-detached, row/terrace house, townhouse etc.	Rented Real estate agent	67879
Queensland	2016	Semi-detached, row/terrace house, townhouse etc.	Rented State or territory housing authority	12281
Queensland	2016	Separate house		86582
Queensland	2016	Separate house	Other tenure type	7611
Queensland	2016	Separate house	Owned outright	406941
Queensland	2016	Separate house	Owned with a mortgage	503465
Queensland	2016	Separate house	Rented Housing co operative community church group	2902
Queensland	2016	Separate house	Rented Landlord type not stated	6974
Queensland	2016	Separate house	Rented Other landlord type	18238
Queensland	2016	Separate house	Rented Person not in same household	77276
Queensland	2016	Separate house	Rented Real estate agent	200456
Queensland	2016	Separate house	Rented State or territory housing authority	27439
South Australia	2006			32
South Australia	2006		Other tenure type	4
South Australia	2006		Owned outright	50
South Australia	2006		Owned with a mortgage	163
South Australia	2006		Rented Housing co operative community church group	3
South Australia	2006		Rented Landlord type not stated	0
South Australia	2006		Rented Other landlord type	10
South Australia	2006		Rented Person not in same household	25
South Australia	2006		Rented Real estate agent	23
South Australia	2006		Rented State or territory housing authority	37
South Australia	2006	(Other)		1519
South Australia	2006	(Other)	Other tenure type	157
South Australia	2006	(Other)	Owned outright	2605
South Australia	2006	(Other)	Owned with a mortgage	608
South Australia	2006	(Other)	Rented Housing co operative community church group	21
South Australia	2006	(Other)	Rented Landlord type not stated	110
South Australia	2006	(Other)	Rented Other landlord type	922
South Australia	2006	(Other)	Rented Person not in same household	414
South Australia	2006	(Other)	Rented Real estate agent	132
South Australia	2006	(Other)	Rented State or territory housing authority	19
South Australia	2006	Flat/apartment		5541
South Australia	2006	Flat/apartment	Other tenure type	2030
South Australia	2006	Flat/apartment	Owned outright	8385
South Australia	2006	Flat/apartment	Owned with a mortgage	6649
South Australia	2006	Flat/apartment	Rented Housing co operative community church group	2061
South Australia	2006	Flat/apartment	Rented Landlord type not stated	763
South Australia	2006	Flat/apartment	Rented Other landlord type	1151
South Australia	2006	Flat/apartment	Rented Person not in same household	9045
South Australia	2006	Flat/apartment	Rented Real estate agent	12850
South Australia	2006	Flat/apartment	Rented State or territory housing authority	7696
South Australia	2006	Semi-detached, row/terrace house, townhouse etc.		5181
South Australia	2006	Semi-detached, row/terrace house, townhouse etc.	Other tenure type	2695
South Australia	2006	Semi-detached, row/terrace house, townhouse etc.	Owned outright	12196
South Australia	2006	Semi-detached, row/terrace house, townhouse etc.	Owned with a mortgage	11500
South Australia	2006	Semi-detached, row/terrace house, townhouse etc.	Rented Housing co operative community church group	1782
South Australia	2006	Semi-detached, row/terrace house, townhouse etc.	Rented Landlord type not stated	677
South Australia	2006	Semi-detached, row/terrace house, townhouse etc.	Rented Other landlord type	764
South Australia	2006	Semi-detached, row/terrace house, townhouse etc.	Rented Person not in same household	5959
South Australia	2006	Semi-detached, row/terrace house, townhouse etc.	Rented Real estate agent	8386
South Australia	2006	Semi-detached, row/terrace house, townhouse etc.	Rented State or territory housing authority	15598
South Australia	2006	Separate house		24009
South Australia	2006	Separate house	Other tenure type	2935
South Australia	2006	Separate house	Owned outright	182202
South Australia	2006	Separate house	Owned with a mortgage	185147
South Australia	2006	Separate house	Rented Housing co operative community church group	2573
South Australia	2006	Separate house	Rented Landlord type not stated	3365
South Australia	2006	Separate house	Rented Other landlord type	5533
South Australia	2006	Separate house	Rented Person not in same household	30504
South Australia	2006	Separate house	Rented Real estate agent	28749
South Australia	2006	Separate house	Rented State or territory housing authority	17126
South Australia	2011			79
South Australia	2011		Other tenure type	47
South Australia	2011		Owned outright	198
South Australia	2011		Owned with a mortgage	101
South Australia	2011		Rented Housing co operative community church group	7
South Australia	2011		Rented Landlord type not stated	18
South Australia	2011		Rented Other landlord type	48
South Australia	2011		Rented Person not in same household	66
South Australia	2011		Rented Real estate agent	33
South Australia	2011		Rented State or territory housing authority	10
South Australia	2011	(Other)		1112
South Australia	2011	(Other)	Other tenure type	129
South Australia	2011	(Other)	Owned outright	2433
South Australia	2011	(Other)	Owned with a mortgage	396
South Australia	2011	(Other)	Rented Housing co operative community church group	20
South Australia	2011	(Other)	Rented Landlord type not stated	69
South Australia	2011	(Other)	Rented Other landlord type	880
South Australia	2011	(Other)	Rented Person not in same household	342
South Australia	2011	(Other)	Rented Real estate agent	111
South Australia	2011	(Other)	Rented State or territory housing authority	16
South Australia	2011	Flat/apartment		5166
South Australia	2011	Flat/apartment	Other tenure type	1868
South Australia	2011	Flat/apartment	Owned outright	7849
South Australia	2011	Flat/apartment	Owned with a mortgage	7691
South Australia	2011	Flat/apartment	Rented Housing co operative community church group	2263
South Australia	2011	Flat/apartment	Rented Landlord type not stated	605
South Australia	2011	Flat/apartment	Rented Other landlord type	1375
South Australia	2011	Flat/apartment	Rented Person not in same household	8841
South Australia	2011	Flat/apartment	Rented Real estate agent	15554
South Australia	2011	Flat/apartment	Rented State or territory housing authority	7809
South Australia	2011	Semi-detached, row/terrace house, townhouse etc.		4721
South Australia	2011	Semi-detached, row/terrace house, townhouse etc.	Other tenure type	3309
South Australia	2011	Semi-detached, row/terrace house, townhouse etc.	Owned outright	12803
South Australia	2011	Semi-detached, row/terrace house, townhouse etc.	Owned with a mortgage	13389
South Australia	2011	Semi-detached, row/terrace house, townhouse etc.	Rented Housing co operative community church group	1914
South Australia	2011	Semi-detached, row/terrace house, townhouse etc.	Rented Landlord type not stated	545
South Australia	2011	Semi-detached, row/terrace house, townhouse etc.	Rented Other landlord type	948
South Australia	2011	Semi-detached, row/terrace house, townhouse etc.	Rented Person not in same household	6470
South Australia	2011	Semi-detached, row/terrace house, townhouse etc.	Rented Real estate agent	11562
South Australia	2011	Semi-detached, row/terrace house, townhouse etc.	Rented State or territory housing authority	13766
South Australia	2011	Separate house		22006
South Australia	2011	Separate house	Other tenure type	3934
South Australia	2011	Separate house	Owned outright	182769
South Australia	2011	Separate house	Owned with a mortgage	197902
South Australia	2011	Separate house	Rented Housing co operative community church group	2709
South Australia	2011	Separate house	Rented Landlord type not stated	2889
South Australia	2011	Separate house	Rented Other landlord type	6177
South Australia	2011	Separate house	Rented Person not in same household	33645
South Australia	2011	Separate house	Rented Real estate agent	40649
South Australia	2011	Separate house	Rented State or territory housing authority	16633
South Australia	2016			453
South Australia	2016		Other tenure type	116
South Australia	2016		Owned outright	745
South Australia	2016		Owned with a mortgage	716
South Australia	2016		Rented Housing co operative community church group	22
South Australia	2016		Rented Landlord type not stated	46
South Australia	2016		Rented Other landlord type	180
South Australia	2016		Rented Person not in same household	307
South Australia	2016		Rented Real estate agent	284
South Australia	2016		Rented State or territory housing authority	72
South Australia	2016	(Other)		1719
South Australia	2016	(Other)	Other tenure type	162
South Australia	2016	(Other)	Owned outright	2604
South Australia	2016	(Other)	Owned with a mortgage	533
South Australia	2016	(Other)	Rented Housing co operative community church group	12
South Australia	2016	(Other)	Rented Landlord type not stated	60
South Australia	2016	(Other)	Rented Other landlord type	832
South Australia	2016	(Other)	Rented Person not in same household	333
South Australia	2016	(Other)	Rented Real estate agent	180
South Australia	2016	(Other)	Rented State or territory housing authority	23
South Australia	2016	Flat/apartment		4447
South Australia	2016	Flat/apartment	Other tenure type	1399
South Australia	2016	Flat/apartment	Owned outright	5607
South Australia	2016	Flat/apartment	Owned with a mortgage	5478
South Australia	2016	Flat/apartment	Rented Housing co operative community church group	1374
South Australia	2016	Flat/apartment	Rented Landlord type not stated	325
South Australia	2016	Flat/apartment	Rented Other landlord type	845
South Australia	2016	Flat/apartment	Rented Person not in same household	6176
South Australia	2016	Flat/apartment	Rented Real estate agent	15360
South Australia	2016	Flat/apartment	Rented State or territory housing authority	4770
South Australia	2016	Semi-detached, row/terrace house, townhouse etc.		8276
South Australia	2016	Semi-detached, row/terrace house, townhouse etc.	Other tenure type	4333
South Australia	2016	Semi-detached, row/terrace house, townhouse etc.	Owned outright	18356
South Australia	2016	Semi-detached, row/terrace house, townhouse etc.	Owned with a mortgage	20192
South Australia	2016	Semi-detached, row/terrace house, townhouse etc.	Rented Housing co operative community church group	2953
South Australia	2016	Semi-detached, row/terrace house, townhouse etc.	Rented Landlord type not stated	671
South Australia	2016	Semi-detached, row/terrace house, townhouse etc.	Rented Other landlord type	1128
South Australia	2016	Semi-detached, row/terrace house, townhouse etc.	Rented Person not in same household	8825
South Australia	2016	Semi-detached, row/terrace house, townhouse etc.	Rented Real estate agent	20460
South Australia	2016	Semi-detached, row/terrace house, townhouse etc.	Rented State or territory housing authority	15476
South Australia	2016	Separate house		27050
South Australia	2016	Separate house	Other tenure type	4250
South Australia	2016	Separate house	Owned outright	181448
South Australia	2016	Separate house	Owned with a mortgage	200115
South Australia	2016	Separate house	Rented Housing co operative community church group	2522
South Australia	2016	Separate house	Rented Landlord type not stated	2515
South Australia	2016	Separate house	Rented Other landlord type	5528
South Australia	2016	Separate house	Rented Person not in same household	33110
South Australia	2016	Separate house	Rented Real estate agent	47544
South Australia	2016	Separate house	Rented State or territory housing authority	13613
Western Australia	2006			88
Western Australia	2006		Other tenure type	31
Western Australia	2006		Owned outright	128
Western Australia	2006		Owned with a mortgage	78
Western Australia	2006		Rented Housing co operative community church group	9
Western Australia	2006		Rented Landlord type not stated	8
Western Australia	2006		Rented Other landlord type	17
Western Australia	2006		Rented Person not in same household	35
Western Australia	2006		Rented Real estate agent	43
Western Australia	2006		Rented State or territory housing authority	10
Western Australia	2006	(Other)		3471
Western Australia	2006	(Other)	Other tenure type	342
Western Australia	2006	(Other)	Owned outright	9496
Western Australia	2006	(Other)	Owned with a mortgage	1000
Western Australia	2006	(Other)	Rented Housing co operative community church group	108
Western Australia	2006	(Other)	Rented Landlord type not stated	253
Western Australia	2006	(Other)	Rented Other landlord type	2417
Western Australia	2006	(Other)	Rented Person not in same household	564
Western Australia	2006	(Other)	Rented Real estate agent	202
Western Australia	2006	(Other)	Rented State or territory housing authority	49
Western Australia	2006	Flat/apartment		9393
Western Australia	2006	Flat/apartment	Other tenure type	1799
Western Australia	2006	Flat/apartment	Owned outright	8569
Western Australia	2006	Flat/apartment	Owned with a mortgage	8116
Western Australia	2006	Flat/apartment	Rented Housing co operative community church group	1283
Western Australia	2006	Flat/apartment	Rented Landlord type not stated	644
Western Australia	2006	Flat/apartment	Rented Other landlord type	1348
Western Australia	2006	Flat/apartment	Rented Person not in same household	7690
Western Australia	2006	Flat/apartment	Rented Real estate agent	15717
Western Australia	2006	Flat/apartment	Rented State or territory housing authority	6670
Western Australia	2006	Semi-detached, row/terrace house, townhouse etc.		7692
Western Australia	2006	Semi-detached, row/terrace house, townhouse etc.	Other tenure type	2259
Western Australia	2006	Semi-detached, row/terrace house, townhouse etc.	Owned outright	17963
Western Australia	2006	Semi-detached, row/terrace house, townhouse etc.	Owned with a mortgage	17320
Western Australia	2006	Semi-detached, row/terrace house, townhouse etc.	Rented Housing co operative community church group	957
Western Australia	2006	Semi-detached, row/terrace house, townhouse etc.	Rented Landlord type not stated	801
Western Australia	2006	Semi-detached, row/terrace house, townhouse etc.	Rented Other landlord type	1535
Western Australia	2006	Semi-detached, row/terrace house, townhouse etc.	Rented Person not in same household	9141
Western Australia	2006	Semi-detached, row/terrace house, townhouse etc.	Rented Real estate agent	13958
Western Australia	2006	Semi-detached, row/terrace house, townhouse etc.	Rented State or territory housing authority	7674
Western Australia	2006	Separate house		37971
Western Australia	2006	Separate house	Other tenure type	3293
Western Australia	2006	Separate house	Owned outright	192384
Western Australia	2006	Separate house	Owned with a mortgage	239596
Western Australia	2006	Separate house	Rented Housing co operative community church group	2806
Western Australia	2006	Separate house	Rented Landlord type not stated	4713
Western Australia	2006	Separate house	Rented Other landlord type	10369
Western Australia	2006	Separate house	Rented Person not in same household	43391
Western Australia	2006	Separate house	Rented Real estate agent	50049
Western Australia	2006	Separate house	Rented State or territory housing authority	14493
Western Australia	2011			158
Western Australia	2011		Other tenure type	98
Western Australia	2011		Owned outright	723
Western Australia	2011		Owned with a mortgage	166
Western Australia	2011		Rented Housing co operative community church group	21
Western Australia	2011		Rented Landlord type not stated	56
Western Australia	2011		Rented Other landlord type	168
Western Australia	2011		Rented Person not in same household	88
Western Australia	2011		Rented Real estate agent	88
Western Australia	2011		Rented State or territory housing authority	54
Western Australia	2011	(Other)		3561
Western Australia	2011	(Other)	Other tenure type	457
Western Australia	2011	(Other)	Owned outright	10535
Western Australia	2011	(Other)	Owned with a mortgage	954
Western Australia	2011	(Other)	Rented Housing co operative community church group	80
Western Australia	2011	(Other)	Rented Landlord type not stated	246
Western Australia	2011	(Other)	Rented Other landlord type	2362
Western Australia	2011	(Other)	Rented Person not in same household	637
Western Australia	2011	(Other)	Rented Real estate agent	213
Western Australia	2011	(Other)	Rented State or territory housing authority	49
Western Australia	2011	Flat/apartment		8548
Western Australia	2011	Flat/apartment	Other tenure type	2050
Western Australia	2011	Flat/apartment	Owned outright	9177
Western Australia	2011	Flat/apartment	Owned with a mortgage	10657
Western Australia	2011	Flat/apartment	Rented Housing co operative community church group	1540
Western Australia	2011	Flat/apartment	Rented Landlord type not stated	592
Western Australia	2011	Flat/apartment	Rented Other landlord type	1971
Western Australia	2011	Flat/apartment	Rented Person not in same household	8879
Western Australia	2011	Flat/apartment	Rented Real estate agent	21414
Western Australia	2011	Flat/apartment	Rented State or territory housing authority	6712
Western Australia	2011	Semi-detached, row/terrace house, townhouse etc.		7713
Western Australia	2011	Semi-detached, row/terrace house, townhouse etc.	Other tenure type	2855
Western Australia	2011	Semi-detached, row/terrace house, townhouse etc.	Owned outright	17964
Western Australia	2011	Semi-detached, row/terrace house, townhouse etc.	Owned with a mortgage	20255
Western Australia	2011	Semi-detached, row/terrace house, townhouse etc.	Rented Housing co operative community church group	1310
Western Australia	2011	Semi-detached, row/terrace house, townhouse etc.	Rented Landlord type not stated	673
Western Australia	2011	Semi-detached, row/terrace house, townhouse etc.	Rented Other landlord type	2153
Western Australia	2011	Semi-detached, row/terrace house, townhouse etc.	Rented Person not in same household	10198
Western Australia	2011	Semi-detached, row/terrace house, townhouse etc.	Rented Real estate agent	18397
Western Australia	2011	Semi-detached, row/terrace house, townhouse etc.	Rented State or territory housing authority	9026
Western Australia	2011	Separate house		36248
Western Australia	2011	Separate house	Other tenure type	4221
Western Australia	2011	Separate house	Owned outright	205720
Western Australia	2011	Separate house	Owned with a mortgage	270363
Western Australia	2011	Separate house	Rented Housing co operative community church group	2264
Western Australia	2011	Separate house	Rented Landlord type not stated	4375
Western Australia	2011	Separate house	Rented Other landlord type	13878
Western Australia	2011	Separate house	Rented Person not in same household	50383
Western Australia	2011	Separate house	Rented Real estate agent	64743
Western Australia	2011	Separate house	Rented State or territory housing authority	16400
Western Australia	2016			1103
Western Australia	2016		Other tenure type	106
Western Australia	2016		Owned outright	853
Western Australia	2016		Owned with a mortgage	766
Western Australia	2016		Rented Housing co operative community church group	33
Western Australia	2016		Rented Landlord type not stated	76
Western Australia	2016		Rented Other landlord type	343
Western Australia	2016		Rented Person not in same household	292
Western Australia	2016		Rented Real estate agent	364
Western Australia	2016		Rented State or territory housing authority	103
Western Australia	2016	(Other)		4747
Western Australia	2016	(Other)	Other tenure type	408
Western Australia	2016	(Other)	Owned outright	9414
Western Australia	2016	(Other)	Owned with a mortgage	985
Western Australia	2016	(Other)	Rented Housing co operative community church group	52
Western Australia	2016	(Other)	Rented Landlord type not stated	172
Western Australia	2016	(Other)	Rented Other landlord type	1850
Western Australia	2016	(Other)	Rented Person not in same household	481
Western Australia	2016	(Other)	Rented Real estate agent	211
Western Australia	2016	(Other)	Rented State or territory housing authority	60
Western Australia	2016	Flat/apartment		8569
Western Australia	2016	Flat/apartment	Other tenure type	1726
Western Australia	2016	Flat/apartment	Owned outright	6417
Western Australia	2016	Flat/apartment	Owned with a mortgage	8688
Western Australia	2016	Flat/apartment	Rented Housing co operative community church group	1020
Western Australia	2016	Flat/apartment	Rented Landlord type not stated	347
Western Australia	2016	Flat/apartment	Rented Other landlord type	1256
Western Australia	2016	Flat/apartment	Rented Person not in same household	5889
Western Australia	2016	Flat/apartment	Rented Real estate agent	19679
Western Australia	2016	Flat/apartment	Rented State or territory housing authority	3736
Western Australia	2016	Semi-detached, row/terrace house, townhouse etc.		12597
Western Australia	2016	Semi-detached, row/terrace house, townhouse etc.	Other tenure type	3410
Western Australia	2016	Semi-detached, row/terrace house, townhouse etc.	Owned outright	25594
Western Australia	2016	Semi-detached, row/terrace house, townhouse etc.	Owned with a mortgage	31994
Western Australia	2016	Semi-detached, row/terrace house, townhouse etc.	Rented Housing co operative community church group	1799
Western Australia	2016	Semi-detached, row/terrace house, townhouse etc.	Rented Landlord type not stated	851
Western Australia	2016	Semi-detached, row/terrace house, townhouse etc.	Rented Other landlord type	2407
Western Australia	2016	Semi-detached, row/terrace house, townhouse etc.	Rented Person not in same household	13022
Western Australia	2016	Semi-detached, row/terrace house, townhouse etc.	Rented Real estate agent	29407
Western Australia	2016	Semi-detached, row/terrace house, townhouse etc.	Rented State or territory housing authority	11744
Western Australia	2016	Separate house		47338
Western Australia	2016	Separate house	Other tenure type	4289
Western Australia	2016	Separate house	Owned outright	213803
Western Australia	2016	Separate house	Owned with a mortgage	303787
Western Australia	2016	Separate house	Rented Housing co operative community church group	1746
Western Australia	2016	Separate house	Rented Landlord type not stated	3763
Western Australia	2016	Separate house	Rented Other landlord type	13510
Western Australia	2016	Separate house	Rented Person not in same household	48610
Western Australia	2016	Separate house	Rented Real estate agent	72928
Western Australia	2016	Separate house	Rented State or territory housing authority	15753
Tasmania	2006			3
Tasmania	2006		Other tenure type	0
Tasmania	2006		Owned outright	6
Tasmania	2006		Owned with a mortgage	8
Tasmania	2006		Rented Housing co operative community church group	0
Tasmania	2006		Rented Landlord type not stated	0
Tasmania	2006		Rented Other landlord type	0
Tasmania	2006		Rented Person not in same household	0
Tasmania	2006		Rented Real estate agent	0
Tasmania	2006		Rented State or territory housing authority	0
Tasmania	2006	(Other)		292
Tasmania	2006	(Other)	Other tenure type	35
Tasmania	2006	(Other)	Owned outright	614
Tasmania	2006	(Other)	Owned with a mortgage	292
Tasmania	2006	(Other)	Rented Housing co operative community church group	7
Tasmania	2006	(Other)	Rented Landlord type not stated	57
Tasmania	2006	(Other)	Rented Other landlord type	217
Tasmania	2006	(Other)	Rented Person not in same household	221
Tasmania	2006	(Other)	Rented Real estate agent	96
Tasmania	2006	(Other)	Rented State or territory housing authority	5
Tasmania	2006	Flat/apartment		1573
Tasmania	2006	Flat/apartment	Other tenure type	317
Tasmania	2006	Flat/apartment	Owned outright	2752
Tasmania	2006	Flat/apartment	Owned with a mortgage	1208
Tasmania	2006	Flat/apartment	Rented Housing co operative community church group	419
Tasmania	2006	Flat/apartment	Rented Landlord type not stated	289
Tasmania	2006	Flat/apartment	Rented Other landlord type	480
Tasmania	2006	Flat/apartment	Rented Person not in same household	2935
Tasmania	2006	Flat/apartment	Rented Real estate agent	3533
Tasmania	2006	Flat/apartment	Rented State or territory housing authority	2808
Tasmania	2006	Semi-detached, row/terrace house, townhouse etc.		664
Tasmania	2006	Semi-detached, row/terrace house, townhouse etc.	Other tenure type	111
Tasmania	2006	Semi-detached, row/terrace house, townhouse etc.	Owned outright	1635
Tasmania	2006	Semi-detached, row/terrace house, townhouse etc.	Owned with a mortgage	1038
Tasmania	2006	Semi-detached, row/terrace house, townhouse etc.	Rented Housing co operative community church group	212
Tasmania	2006	Semi-detached, row/terrace house, townhouse etc.	Rented Landlord type not stated	104
Tasmania	2006	Semi-detached, row/terrace house, townhouse etc.	Rented Other landlord type	151
Tasmania	2006	Semi-detached, row/terrace house, townhouse etc.	Rented Person not in same household	1199
Tasmania	2006	Semi-detached, row/terrace house, townhouse etc.	Rented Real estate agent	1395
Tasmania	2006	Semi-detached, row/terrace house, townhouse etc.	Rented State or territory housing authority	1347
Tasmania	2006	Separate house		8033
Tasmania	2006	Separate house	Other tenure type	987
Tasmania	2006	Separate house	Owned outright	64479
Tasmania	2006	Separate house	Owned with a mortgage	58531
Tasmania	2006	Separate house	Rented Housing co operative community church group	463
Tasmania	2006	Separate house	Rented Landlord type not stated	1352
Tasmania	2006	Separate house	Rented Other landlord type	1868
Tasmania	2006	Separate house	Rented Person not in same household	11756
Tasmania	2006	Separate house	Rented Real estate agent	9270
Tasmania	2006	Separate house	Rented State or territory housing authority	6296
Tasmania	2011			12
Tasmania	2011		Other tenure type	3
Tasmania	2011		Owned outright	39
Tasmania	2011		Owned with a mortgage	29
Tasmania	2011		Rented Housing co operative community church group	11
Tasmania	2011		Rented Landlord type not stated	6
Tasmania	2011		Rented Other landlord type	3
Tasmania	2011		Rented Person not in same household	13
Tasmania	2011		Rented Real estate agent	17
Tasmania	2011		Rented State or territory housing authority	0
Tasmania	2011	(Other)		275
Tasmania	2011	(Other)	Other tenure type	20
Tasmania	2011	(Other)	Owned outright	562
Tasmania	2011	(Other)	Owned with a mortgage	252
Tasmania	2011	(Other)	Rented Housing co operative community church group	17
Tasmania	2011	(Other)	Rented Landlord type not stated	41
Tasmania	2011	(Other)	Rented Other landlord type	177
Tasmania	2011	(Other)	Rented Person not in same household	239
Tasmania	2011	(Other)	Rented Real estate agent	109
Tasmania	2011	(Other)	Rented State or territory housing authority	6
Tasmania	2011	Flat/apartment		1219
Tasmania	2011	Flat/apartment	Other tenure type	310
Tasmania	2011	Flat/apartment	Owned outright	2424
Tasmania	2011	Flat/apartment	Owned with a mortgage	1440
Tasmania	2011	Flat/apartment	Rented Housing co operative community church group	591
Tasmania	2011	Flat/apartment	Rented Landlord type not stated	201
Tasmania	2011	Flat/apartment	Rented Other landlord type	496
Tasmania	2011	Flat/apartment	Rented Person not in same household	2613
Tasmania	2011	Flat/apartment	Rented Real estate agent	3875
Tasmania	2011	Flat/apartment	Rented State or territory housing authority	2331
Tasmania	2011	Semi-detached, row/terrace house, townhouse etc.		783
Tasmania	2011	Semi-detached, row/terrace house, townhouse etc.	Other tenure type	213
Tasmania	2011	Semi-detached, row/terrace house, townhouse etc.	Owned outright	2092
Tasmania	2011	Semi-detached, row/terrace house, townhouse etc.	Owned with a mortgage	1485
Tasmania	2011	Semi-detached, row/terrace house, townhouse etc.	Rented Housing co operative community church group	335
Tasmania	2011	Semi-detached, row/terrace house, townhouse etc.	Rented Landlord type not stated	125
Tasmania	2011	Semi-detached, row/terrace house, townhouse etc.	Rented Other landlord type	252
Tasmania	2011	Semi-detached, row/terrace house, townhouse etc.	Rented Person not in same household	1581
Tasmania	2011	Semi-detached, row/terrace house, townhouse etc.	Rented Real estate agent	2197
Tasmania	2011	Semi-detached, row/terrace house, townhouse etc.	Rented State or territory housing authority	1798
Tasmania	2011	Separate house		7172
Tasmania	2011	Separate house	Other tenure type	1045
Tasmania	2011	Separate house	Owned outright	65496
Tasmania	2011	Separate house	Owned with a mortgage	63072
Tasmania	2011	Separate house	Rented Housing co operative community church group	538
Tasmania	2011	Separate house	Rented Landlord type not stated	1163
Tasmania	2011	Separate house	Rented Other landlord type	2004
Tasmania	2011	Separate house	Rented Person not in same household	12557
Tasmania	2011	Separate house	Rented Real estate agent	12386
Tasmania	2011	Separate house	Rented State or territory housing authority	6264
Tasmania	2016			121
Tasmania	2016		Other tenure type	14
Tasmania	2016		Owned outright	206
Tasmania	2016		Owned with a mortgage	200
Tasmania	2016		Rented Housing co operative community church group	9
Tasmania	2016		Rented Landlord type not stated	7
Tasmania	2016		Rented Other landlord type	38
Tasmania	2016		Rented Person not in same household	109
Tasmania	2016		Rented Real estate agent	80
Tasmania	2016		Rented State or territory housing authority	9
Tasmania	2016	(Other)		409
Tasmania	2016	(Other)	Other tenure type	24
Tasmania	2016	(Other)	Owned outright	558
Tasmania	2016	(Other)	Owned with a mortgage	221
Tasmania	2016	(Other)	Rented Housing co operative community church group	4
Tasmania	2016	(Other)	Rented Landlord type not stated	27
Tasmania	2016	(Other)	Rented Other landlord type	187
Tasmania	2016	(Other)	Rented Person not in same household	166
Tasmania	2016	(Other)	Rented Real estate agent	110
Tasmania	2016	(Other)	Rented State or territory housing authority	6
Tasmania	2016	Flat/apartment		1389
Tasmania	2016	Flat/apartment	Other tenure type	206
Tasmania	2016	Flat/apartment	Owned outright	1510
Tasmania	2016	Flat/apartment	Owned with a mortgage	1106
Tasmania	2016	Flat/apartment	Rented Housing co operative community church group	447
Tasmania	2016	Flat/apartment	Rented Landlord type not stated	122
Tasmania	2016	Flat/apartment	Rented Other landlord type	287
Tasmania	2016	Flat/apartment	Rented Person not in same household	2009
Tasmania	2016	Flat/apartment	Rented Real estate agent	3893
Tasmania	2016	Flat/apartment	Rented State or territory housing authority	1552
Tasmania	2016	Semi-detached, row/terrace house, townhouse etc.		1299
Tasmania	2016	Semi-detached, row/terrace house, townhouse etc.	Other tenure type	291
Tasmania	2016	Semi-detached, row/terrace house, townhouse etc.	Owned outright	1959
Tasmania	2016	Semi-detached, row/terrace house, townhouse etc.	Owned with a mortgage	1285
Tasmania	2016	Semi-detached, row/terrace house, townhouse etc.	Rented Housing co operative community church group	598
Tasmania	2016	Semi-detached, row/terrace house, townhouse etc.	Rented Landlord type not stated	132
Tasmania	2016	Semi-detached, row/terrace house, townhouse etc.	Rented Other landlord type	292
Tasmania	2016	Semi-detached, row/terrace house, townhouse etc.	Rented Person not in same household	1574
Tasmania	2016	Semi-detached, row/terrace house, townhouse etc.	Rented Real estate agent	2838
Tasmania	2016	Semi-detached, row/terrace house, townhouse etc.	Rented State or territory housing authority	2058
Tasmania	2016	Separate house		11504
Tasmania	2016	Separate house	Other tenure type	1252
Tasmania	2016	Separate house	Owned outright	67181
Tasmania	2016	Separate house	Owned with a mortgage	63798
Tasmania	2016	Separate house	Rented Housing co operative community church group	836
Tasmania	2016	Separate house	Rented Landlord type not stated	1104
Tasmania	2016	Separate house	Rented Other landlord type	1892
Tasmania	2016	Separate house	Rented Person not in same household	13286
Tasmania	2016	Separate house	Rented Real estate agent	15625
Tasmania	2016	Separate house	Rented State or territory housing authority	5757
Northern Territory	2006			10
Northern Territory	2006		Other tenure type	3
Northern Territory	2006		Owned outright	54
Northern Territory	2006		Owned with a mortgage	9
Northern Territory	2006		Rented Housing co operative community church group	0
Northern Territory	2006		Rented Landlord type not stated	4
Northern Territory	2006		Rented Other landlord type	10
Northern Territory	2006		Rented Person not in same household	11
Northern Territory	2006		Rented Real estate agent	9
Northern Territory	2006		Rented State or territory housing authority	0
Northern Territory	2006	(Other)		2023
Northern Territory	2006	(Other)	Other tenure type	276
Northern Territory	2006	(Other)	Owned outright	3300
Northern Territory	2006	(Other)	Owned with a mortgage	326
Northern Territory	2006	(Other)	Rented Housing co operative community church group	130
Northern Territory	2006	(Other)	Rented Landlord type not stated	126
Northern Territory	2006	(Other)	Rented Other landlord type	701
Northern Territory	2006	(Other)	Rented Person not in same household	260
Northern Territory	2006	(Other)	Rented Real estate agent	47
Northern Territory	2006	(Other)	Rented State or territory housing authority	27
Northern Territory	2006	Flat/apartment		1688
Northern Territory	2006	Flat/apartment	Other tenure type	45
Northern Territory	2006	Flat/apartment	Owned outright	682
Northern Territory	2006	Flat/apartment	Owned with a mortgage	1592
Northern Territory	2006	Flat/apartment	Rented Housing co operative community church group	49
Northern Territory	2006	Flat/apartment	Rented Landlord type not stated	130
Northern Territory	2006	Flat/apartment	Rented Other landlord type	819
Northern Territory	2006	Flat/apartment	Rented Person not in same household	1266
Northern Territory	2006	Flat/apartment	Rented Real estate agent	2917
Northern Territory	2006	Flat/apartment	Rented State or territory housing authority	1094
Northern Territory	2006	Semi-detached, row/terrace house, townhouse etc.		848
Northern Territory	2006	Semi-detached, row/terrace house, townhouse etc.	Other tenure type	33
Northern Territory	2006	Semi-detached, row/terrace house, townhouse etc.	Owned outright	507
Northern Territory	2006	Semi-detached, row/terrace house, townhouse etc.	Owned with a mortgage	1402
Northern Territory	2006	Semi-detached, row/terrace house, townhouse etc.	Rented Housing co operative community church group	53
Northern Territory	2006	Semi-detached, row/terrace house, townhouse etc.	Rented Landlord type not stated	101
Northern Territory	2006	Semi-detached, row/terrace house, townhouse etc.	Rented Other landlord type	580
Northern Territory	2006	Semi-detached, row/terrace house, townhouse etc.	Rented Person not in same household	720
Northern Territory	2006	Semi-detached, row/terrace house, townhouse etc.	Rented Real estate agent	1235
Northern Territory	2006	Semi-detached, row/terrace house, townhouse etc.	Rented State or territory housing authority	1035
Northern Territory	2006	Separate house		4024
Northern Territory	2006	Separate house	Other tenure type	316
Northern Territory	2006	Separate house	Owned outright	6892
Northern Territory	2006	Separate house	Owned with a mortgage	14848
Northern Territory	2006	Separate house	Rented Housing co operative community church group	4956
Northern Territory	2006	Separate house	Rented Landlord type not stated	636
Northern Territory	2006	Separate house	Rented Other landlord type	3663
Northern Territory	2006	Separate house	Rented Person not in same household	2269
Northern Territory	2006	Separate house	Rented Real estate agent	2909
Northern Territory	2006	Separate house	Rented State or territory housing authority	2552
Northern Territory	2011			71
Northern Territory	2011		Other tenure type	48
Northern Territory	2011		Owned outright	230
Northern Territory	2011		Owned with a mortgage	65
Northern Territory	2011		Rented Housing co operative community church group	12
Northern Territory	2011		Rented Landlord type not stated	11
Northern Territory	2011		Rented Other landlord type	65
Northern Territory	2011		Rented Person not in same household	46
Northern Territory	2011		Rented Real estate agent	23
Northern Territory	2011		Rented State or territory housing authority	21
Northern Territory	2011	(Other)		1568
Northern Territory	2011	(Other)	Other tenure type	272
Northern Territory	2011	(Other)	Owned outright	3554
Northern Territory	2011	(Other)	Owned with a mortgage	410
Northern Territory	2011	(Other)	Rented Housing co operative community church group	58
Northern Territory	2011	(Other)	Rented Landlord type not stated	137
Northern Territory	2011	(Other)	Rented Other landlord type	812
Northern Territory	2011	(Other)	Rented Person not in same household	316
Northern Territory	2011	(Other)	Rented Real estate agent	73
Northern Territory	2011	(Other)	Rented State or territory housing authority	71
Northern Territory	2011	Flat/apartment		1895
Northern Territory	2011	Flat/apartment	Other tenure type	79
Northern Territory	2011	Flat/apartment	Owned outright	707
Northern Territory	2011	Flat/apartment	Owned with a mortgage	1918
Northern Territory	2011	Flat/apartment	Rented Housing co operative community church group	128
Northern Territory	2011	Flat/apartment	Rented Landlord type not stated	153
Northern Territory	2011	Flat/apartment	Rented Other landlord type	1036
Northern Territory	2011	Flat/apartment	Rented Person not in same household	1428
Northern Territory	2011	Flat/apartment	Rented Real estate agent	3474
Northern Territory	2011	Flat/apartment	Rented State or territory housing authority	1285
Northern Territory	2011	Semi-detached, row/terrace house, townhouse etc.		987
Northern Territory	2011	Semi-detached, row/terrace house, townhouse etc.	Other tenure type	68
Northern Territory	2011	Semi-detached, row/terrace house, townhouse etc.	Owned outright	730
Northern Territory	2011	Semi-detached, row/terrace house, townhouse etc.	Owned with a mortgage	1718
Northern Territory	2011	Semi-detached, row/terrace house, townhouse etc.	Rented Housing co operative community church group	63
Northern Territory	2011	Semi-detached, row/terrace house, townhouse etc.	Rented Landlord type not stated	96
Northern Territory	2011	Semi-detached, row/terrace house, townhouse etc.	Rented Other landlord type	743
Northern Territory	2011	Semi-detached, row/terrace house, townhouse etc.	Rented Person not in same household	896
Northern Territory	2011	Semi-detached, row/terrace house, townhouse etc.	Rented Real estate agent	1722
Northern Territory	2011	Semi-detached, row/terrace house, townhouse etc.	Rented State or territory housing authority	766
Northern Territory	2011	Separate house		4008
Northern Territory	2011	Separate house	Other tenure type	408
Northern Territory	2011	Separate house	Owned outright	7358
Northern Territory	2011	Separate house	Owned with a mortgage	14850
Northern Territory	2011	Separate house	Rented Housing co operative community church group	1558
Northern Territory	2011	Separate house	Rented Landlord type not stated	618
Northern Territory	2011	Separate house	Rented Other landlord type	4097
Northern Territory	2011	Separate house	Rented Person not in same household	2860
Northern Territory	2011	Separate house	Rented Real estate agent	3642
Northern Territory	2011	Separate house	Rented State or territory housing authority	5463
Northern Territory	2016			209
Northern Territory	2016		Other tenure type	29
Northern Territory	2016		Owned outright	179
Northern Territory	2016		Owned with a mortgage	90
Northern Territory	2016		Rented Housing co operative community church group	26
Northern Territory	2016		Rented Landlord type not stated	27
Northern Territory	2016		Rented Other landlord type	119
Northern Territory	2016		Rented Person not in same household	83
Northern Territory	2016		Rented Real estate agent	47
Northern Territory	2016		Rented State or territory housing authority	35
Northern Territory	2016	(Other)		2169
Northern Territory	2016	(Other)	Other tenure type	272
Northern Territory	2016	(Other)	Owned outright	3594
Northern Territory	2016	(Other)	Owned with a mortgage	435
Northern Territory	2016	(Other)	Rented Housing co operative community church group	21
Northern Territory	2016	(Other)	Rented Landlord type not stated	80
Northern Territory	2016	(Other)	Rented Other landlord type	734
Northern Territory	2016	(Other)	Rented Person not in same household	227
Northern Territory	2016	(Other)	Rented Real estate agent	128
Northern Territory	2016	(Other)	Rented State or territory housing authority	69
Northern Territory	2016	Flat/apartment		2100
Northern Territory	2016	Flat/apartment	Other tenure type	61
Northern Territory	2016	Flat/apartment	Owned outright	782
Northern Territory	2016	Flat/apartment	Owned with a mortgage	1954
Northern Territory	2016	Flat/apartment	Rented Housing co operative community church group	77
Northern Territory	2016	Flat/apartment	Rented Landlord type not stated	110
Northern Territory	2016	Flat/apartment	Rented Other landlord type	1183
Northern Territory	2016	Flat/apartment	Rented Person not in same household	1379
Northern Territory	2016	Flat/apartment	Rented Real estate agent	4893
Northern Territory	2016	Flat/apartment	Rented State or territory housing authority	949
Northern Territory	2016	Semi-detached, row/terrace house, townhouse etc.		1287
Northern Territory	2016	Semi-detached, row/terrace house, townhouse etc.	Other tenure type	76
Northern Territory	2016	Semi-detached, row/terrace house, townhouse etc.	Owned outright	626
Northern Territory	2016	Semi-detached, row/terrace house, townhouse etc.	Owned with a mortgage	1560
Northern Territory	2016	Semi-detached, row/terrace house, townhouse etc.	Rented Housing co operative community church group	145
Northern Territory	2016	Semi-detached, row/terrace house, townhouse etc.	Rented Landlord type not stated	124
Northern Territory	2016	Semi-detached, row/terrace house, townhouse etc.	Rented Other landlord type	690
Northern Territory	2016	Semi-detached, row/terrace house, townhouse etc.	Rented Person not in same household	893
Northern Territory	2016	Semi-detached, row/terrace house, townhouse etc.	Rented Real estate agent	2304
Northern Territory	2016	Semi-detached, row/terrace house, townhouse etc.	Rented State or territory housing authority	1312
Northern Territory	2016	Separate house		5758
Northern Territory	2016	Separate house	Other tenure type	424
Northern Territory	2016	Separate house	Owned outright	7708
Northern Territory	2016	Separate house	Owned with a mortgage	15543
Northern Territory	2016	Separate house	Rented Housing co operative community church group	1118
Northern Territory	2016	Separate house	Rented Landlord type not stated	649
Northern Territory	2016	Separate house	Rented Other landlord type	3601
Northern Territory	2016	Separate house	Rented Person not in same household	2955
Northern Territory	2016	Separate house	Rented Real estate agent	4872
Northern Territory	2016	Separate house	Rented State or territory housing authority	5514
Australian Capital Territory	2006			3
Australian Capital Territory	2006		Other tenure type	17
Australian Capital Territory	2006		Owned outright	16
Australian Capital Territory	2006		Owned with a mortgage	0
Australian Capital Territory	2006		Rented Housing co operative community church group	4
Australian Capital Territory	2006		Rented Landlord type not stated	0
Australian Capital Territory	2006		Rented Other landlord type	0
Australian Capital Territory	2006		Rented Person not in same household	0
Australian Capital Territory	2006		Rented Real estate agent	0
Australian Capital Territory	2006		Rented State or territory housing authority	0
Australian Capital Territory	2006	(Other)		79
Australian Capital Territory	2006	(Other)	Other tenure type	3
Australian Capital Territory	2006	(Other)	Owned outright	94
Australian Capital Territory	2006	(Other)	Owned with a mortgage	31
Australian Capital Territory	2006	(Other)	Rented Housing co operative community church group	0
Australian Capital Territory	2006	(Other)	Rented Landlord type not stated	0
Australian Capital Territory	2006	(Other)	Rented Other landlord type	33
Australian Capital Territory	2006	(Other)	Rented Person not in same household	11
Australian Capital Territory	2006	(Other)	Rented Real estate agent	0
Australian Capital Territory	2006	(Other)	Rented State or territory housing authority	5
Australian Capital Territory	2006	Flat/apartment		1803
Australian Capital Territory	2006	Flat/apartment	Other tenure type	94
Australian Capital Territory	2006	Flat/apartment	Owned outright	1163
Australian Capital Territory	2006	Flat/apartment	Owned with a mortgage	1907
Australian Capital Territory	2006	Flat/apartment	Rented Housing co operative community church group	150
Australian Capital Territory	2006	Flat/apartment	Rented Landlord type not stated	102
Australian Capital Territory	2006	Flat/apartment	Rented Other landlord type	191
Australian Capital Territory	2006	Flat/apartment	Rented Person not in same household	1917
Australian Capital Territory	2006	Flat/apartment	Rented Real estate agent	4351
Australian Capital Territory	2006	Flat/apartment	Rented State or territory housing authority	2153
Australian Capital Territory	2006	Semi-detached, row/terrace house, townhouse etc.		1054
Australian Capital Territory	2006	Semi-detached, row/terrace house, townhouse etc.	Other tenure type	191
Australian Capital Territory	2006	Semi-detached, row/terrace house, townhouse etc.	Owned outright	3408
Australian Capital Territory	2006	Semi-detached, row/terrace house, townhouse etc.	Owned with a mortgage	4307
Australian Capital Territory	2006	Semi-detached, row/terrace house, townhouse etc.	Rented Housing co operative community church group	118
Australian Capital Territory	2006	Semi-detached, row/terrace house, townhouse etc.	Rented Landlord type not stated	107
Australian Capital Territory	2006	Semi-detached, row/terrace house, townhouse etc.	Rented Other landlord type	308
Australian Capital Territory	2006	Semi-detached, row/terrace house, townhouse etc.	Rented Person not in same household	1790
Australian Capital Territory	2006	Semi-detached, row/terrace house, townhouse etc.	Rented Real estate agent	3439
Australian Capital Territory	2006	Semi-detached, row/terrace house, townhouse etc.	Rented State or territory housing authority	1893
Australian Capital Territory	2006	Separate house		3657
Australian Capital Territory	2006	Separate house	Other tenure type	326
Australian Capital Territory	2006	Separate house	Owned outright	30545
Australian Capital Territory	2006	Separate house	Owned with a mortgage	39060
Australian Capital Territory	2006	Separate house	Rented Housing co operative community church group	180
Australian Capital Territory	2006	Separate house	Rented Landlord type not stated	372
Australian Capital Territory	2006	Separate house	Rented Other landlord type	1088
Australian Capital Territory	2006	Separate house	Rented Person not in same household	5044
Australian Capital Territory	2006	Separate house	Rented Real estate agent	6621
Australian Capital Territory	2006	Separate house	Rented State or territory housing authority	5260
Australian Capital Territory	2011			0
Australian Capital Territory	2011		Other tenure type	0
Australian Capital Territory	2011		Owned outright	10
Australian Capital Territory	2011		Owned with a mortgage	11
Australian Capital Territory	2011		Rented Housing co operative community church group	0
Australian Capital Territory	2011		Rented Landlord type not stated	0
Australian Capital Territory	2011		Rented Other landlord type	6
Australian Capital Territory	2011		Rented Person not in same household	11
Australian Capital Territory	2011		Rented Real estate agent	5
Australian Capital Territory	2011		Rented State or territory housing authority	3
Australian Capital Territory	2011	(Other)		93
Australian Capital Territory	2011	(Other)	Other tenure type	13
Australian Capital Territory	2011	(Other)	Owned outright	147
Australian Capital Territory	2011	(Other)	Owned with a mortgage	16
Australian Capital Territory	2011	(Other)	Rented Housing co operative community church group	0
Australian Capital Territory	2011	(Other)	Rented Landlord type not stated	3
Australian Capital Territory	2011	(Other)	Rented Other landlord type	68
Australian Capital Territory	2011	(Other)	Rented Person not in same household	31
Australian Capital Territory	2011	(Other)	Rented Real estate agent	21
Australian Capital Territory	2011	(Other)	Rented State or territory housing authority	8
Australian Capital Territory	2011	Flat/apartment		1725
Australian Capital Territory	2011	Flat/apartment	Other tenure type	198
Australian Capital Territory	2011	Flat/apartment	Owned outright	1591
Australian Capital Territory	2011	Flat/apartment	Owned with a mortgage	3148
Australian Capital Territory	2011	Flat/apartment	Rented Housing co operative community church group	167
Australian Capital Territory	2011	Flat/apartment	Rented Landlord type not stated	84
Australian Capital Territory	2011	Flat/apartment	Rented Other landlord type	271
Australian Capital Territory	2011	Flat/apartment	Rented Person not in same household	2597
Australian Capital Territory	2011	Flat/apartment	Rented Real estate agent	6201
Australian Capital Territory	2011	Flat/apartment	Rented State or territory housing authority	2182
Australian Capital Territory	2011	Semi-detached, row/terrace house, townhouse etc.		1022
Australian Capital Territory	2011	Semi-detached, row/terrace house, townhouse etc.	Other tenure type	291
Australian Capital Territory	2011	Semi-detached, row/terrace house, townhouse etc.	Owned outright	3838
Australian Capital Territory	2011	Semi-detached, row/terrace house, townhouse etc.	Owned with a mortgage	5551
Australian Capital Territory	2011	Semi-detached, row/terrace house, townhouse etc.	Rented Housing co operative community church group	207
Australian Capital Territory	2011	Semi-detached, row/terrace house, townhouse etc.	Rented Landlord type not stated	95
Australian Capital Territory	2011	Semi-detached, row/terrace house, townhouse etc.	Rented Other landlord type	313
Australian Capital Territory	2011	Semi-detached, row/terrace house, townhouse etc.	Rented Person not in same household	2185
Australian Capital Territory	2011	Semi-detached, row/terrace house, townhouse etc.	Rented Real estate agent	4021
Australian Capital Territory	2011	Semi-detached, row/terrace house, townhouse etc.	Rented State or territory housing authority	2141
Australian Capital Territory	2011	Separate house		3027
Australian Capital Territory	2011	Separate house	Other tenure type	380
Australian Capital Territory	2011	Separate house	Owned outright	31456
Australian Capital Territory	2011	Separate house	Owned with a mortgage	41926
Australian Capital Territory	2011	Separate house	Rented Housing co operative community church group	225
Australian Capital Territory	2011	Separate house	Rented Landlord type not stated	346
Australian Capital Territory	2011	Separate house	Rented Other landlord type	1366
Australian Capital Territory	2011	Separate house	Rented Person not in same household	5700
Australian Capital Territory	2011	Separate house	Rented Real estate agent	7186
Australian Capital Territory	2011	Separate house	Rented State or territory housing authority	5153
Australian Capital Territory	2016			42
Australian Capital Territory	2016		Other tenure type	4
Australian Capital Territory	2016		Owned outright	53
Australian Capital Territory	2016		Owned with a mortgage	33
Australian Capital Territory	2016		Rented Housing co operative community church group	17
Australian Capital Territory	2016		Rented Landlord type not stated	3
Australian Capital Territory	2016		Rented Other landlord type	16
Australian Capital Territory	2016		Rented Person not in same household	52
Australian Capital Territory	2016		Rented Real estate agent	62
Australian Capital Territory	2016		Rented State or territory housing authority	17
Australian Capital Territory	2016	(Other)		120
Australian Capital Territory	2016	(Other)	Other tenure type	0
Australian Capital Territory	2016	(Other)	Owned outright	77
Australian Capital Territory	2016	(Other)	Owned with a mortgage	26
Australian Capital Territory	2016	(Other)	Rented Housing co operative community church group	3
Australian Capital Territory	2016	(Other)	Rented Landlord type not stated	0
Australian Capital Territory	2016	(Other)	Rented Other landlord type	51
Australian Capital Territory	2016	(Other)	Rented Person not in same household	8
Australian Capital Territory	2016	(Other)	Rented Real estate agent	7
Australian Capital Territory	2016	(Other)	Rented State or territory housing authority	3
Australian Capital Territory	2016	Flat/apartment		2626
Australian Capital Territory	2016	Flat/apartment	Other tenure type	244
Australian Capital Territory	2016	Flat/apartment	Owned outright	1945
Australian Capital Territory	2016	Flat/apartment	Owned with a mortgage	4487
Australian Capital Territory	2016	Flat/apartment	Rented Housing co operative community church group	181
Australian Capital Territory	2016	Flat/apartment	Rented Landlord type not stated	74
Australian Capital Territory	2016	Flat/apartment	Rented Other landlord type	402
Australian Capital Territory	2016	Flat/apartment	Rented Person not in same household	2789
Australian Capital Territory	2016	Flat/apartment	Rented Real estate agent	9671
Australian Capital Territory	2016	Flat/apartment	Rented State or territory housing authority	1644
Australian Capital Territory	2016	Semi-detached, row/terrace house, townhouse etc.		2012
Australian Capital Territory	2016	Semi-detached, row/terrace house, townhouse etc.	Other tenure type	400
Australian Capital Territory	2016	Semi-detached, row/terrace house, townhouse etc.	Owned outright	4968
Australian Capital Territory	2016	Semi-detached, row/terrace house, townhouse etc.	Owned with a mortgage	7736
Australian Capital Territory	2016	Semi-detached, row/terrace house, townhouse etc.	Rented Housing co operative community church group	228
Australian Capital Territory	2016	Semi-detached, row/terrace house, townhouse etc.	Rented Landlord type not stated	124
Australian Capital Territory	2016	Semi-detached, row/terrace house, townhouse etc.	Rented Other landlord type	385
Australian Capital Territory	2016	Semi-detached, row/terrace house, townhouse etc.	Rented Person not in same household	2471
Australian Capital Territory	2016	Semi-detached, row/terrace house, townhouse etc.	Rented Real estate agent	6097
Australian Capital Territory	2016	Semi-detached, row/terrace house, townhouse etc.	Rented State or territory housing authority	2491
Australian Capital Territory	2016	Separate house		4607
Australian Capital Territory	2016	Separate house	Other tenure type	373
Australian Capital Territory	2016	Separate house	Owned outright	31915
Australian Capital Territory	2016	Separate house	Owned with a mortgage	42810
Australian Capital Territory	2016	Separate house	Rented Housing co operative community church group	228
Australian Capital Territory	2016	Separate house	Rented Landlord type not stated	304
Australian Capital Territory	2016	Separate house	Rented Other landlord type	1480
Australian Capital Territory	2016	Separate house	Rented Person not in same household	5009
Australian Capital Territory	2016	Separate house	Rented Real estate agent	7891
Australian Capital Territory	2016	Separate house	Rented State or territory housing authority	4500
Other Territories	2006			0
Other Territories	2006		Other tenure type	0
Other Territories	2006		Owned outright	0
Other Territories	2006		Owned with a mortgage	0
Other Territories	2006		Rented Housing co operative community church group	0
Other Territories	2006		Rented Landlord type not stated	0
Other Territories	2006		Rented Other landlord type	0
Other Territories	2006		Rented Person not in same household	0
Other Territories	2006		Rented Real estate agent	0
Other Territories	2006		Rented State or territory housing authority	0
Other Territories	2006	(Other)		0
Other Territories	2006	(Other)	Other tenure type	3
Other Territories	2006	(Other)	Owned outright	7
Other Territories	2006	(Other)	Owned with a mortgage	0
Other Territories	2006	(Other)	Rented Housing co operative community church group	0
Other Territories	2006	(Other)	Rented Landlord type not stated	0
Other Territories	2006	(Other)	Rented Other landlord type	0
Other Territories	2006	(Other)	Rented Person not in same household	0
Other Territories	2006	(Other)	Rented Real estate agent	0
Other Territories	2006	(Other)	Rented State or territory housing authority	0
Other Territories	2006	Flat/apartment		6
Other Territories	2006	Flat/apartment	Other tenure type	3
Other Territories	2006	Flat/apartment	Owned outright	58
Other Territories	2006	Flat/apartment	Owned with a mortgage	5
Other Territories	2006	Flat/apartment	Rented Housing co operative community church group	0
Other Territories	2006	Flat/apartment	Rented Landlord type not stated	0
Other Territories	2006	Flat/apartment	Rented Other landlord type	4
Other Territories	2006	Flat/apartment	Rented Person not in same household	15
Other Territories	2006	Flat/apartment	Rented Real estate agent	10
Other Territories	2006	Flat/apartment	Rented State or territory housing authority	48
Other Territories	2006	Semi-detached, row/terrace house, townhouse etc.		0
Other Territories	2006	Semi-detached, row/terrace house, townhouse etc.	Other tenure type	0
Other Territories	2006	Semi-detached, row/terrace house, townhouse etc.	Owned outright	0
Other Territories	2006	Semi-detached, row/terrace house, townhouse etc.	Owned with a mortgage	0
Other Territories	2006	Semi-detached, row/terrace house, townhouse etc.	Rented Housing co operative community church group	0
Other Territories	2006	Semi-detached, row/terrace house, townhouse etc.	Rented Landlord type not stated	0
Other Territories	2006	Semi-detached, row/terrace house, townhouse etc.	Rented Other landlord type	3
Other Territories	2006	Semi-detached, row/terrace house, townhouse etc.	Rented Person not in same household	0
Other Territories	2006	Semi-detached, row/terrace house, townhouse etc.	Rented Real estate agent	0
Other Territories	2006	Semi-detached, row/terrace house, townhouse etc.	Rented State or territory housing authority	0
Other Territories	2006	Separate house		30
Other Territories	2006	Separate house	Other tenure type	28
Other Territories	2006	Separate house	Owned outright	141
Other Territories	2006	Separate house	Owned with a mortgage	60
Other Territories	2006	Separate house	Rented Housing co operative community church group	33
Other Territories	2006	Separate house	Rented Landlord type not stated	12
Other Territories	2006	Separate house	Rented Other landlord type	126
Other Territories	2006	Separate house	Rented Person not in same household	48
Other Territories	2006	Separate house	Rented Real estate agent	22
Other Territories	2006	Separate house	Rented State or territory housing authority	119
Other Territories	2011			0
Other Territories	2011		Other tenure type	0
Other Territories	2011		Owned outright	0
Other Territories	2011		Owned with a mortgage	0
Other Territories	2011		Rented Housing co operative community church group	0
Other Territories	2011		Rented Landlord type not stated	0
Other Territories	2011		Rented Other landlord type	12
Other Territories	2011		Rented Person not in same household	0
Other Territories	2011		Rented Real estate agent	0
Other Territories	2011		Rented State or territory housing authority	3
Other Territories	2011	(Other)		8
Other Territories	2011	(Other)	Other tenure type	0
Other Territories	2011	(Other)	Owned outright	7
Other Territories	2011	(Other)	Owned with a mortgage	4
Other Territories	2011	(Other)	Rented Housing co operative community church group	0
Other Territories	2011	(Other)	Rented Landlord type not stated	0
Other Territories	2011	(Other)	Rented Other landlord type	3
Other Territories	2011	(Other)	Rented Person not in same household	3
Other Territories	2011	(Other)	Rented Real estate agent	0
Other Territories	2011	(Other)	Rented State or territory housing authority	0
Other Territories	2011	Flat/apartment		61
Other Territories	2011	Flat/apartment	Other tenure type	0
Other Territories	2011	Flat/apartment	Owned outright	66
Other Territories	2011	Flat/apartment	Owned with a mortgage	15
Other Territories	2011	Flat/apartment	Rented Housing co operative community church group	0
Other Territories	2011	Flat/apartment	Rented Landlord type not stated	0
Other Territories	2011	Flat/apartment	Rented Other landlord type	12
Other Territories	2011	Flat/apartment	Rented Person not in same household	25
Other Territories	2011	Flat/apartment	Rented Real estate agent	4
Other Territories	2011	Flat/apartment	Rented State or territory housing authority	86
Other Territories	2011	Semi-detached, row/terrace house, townhouse etc.		7
Other Territories	2011	Semi-detached, row/terrace house, townhouse etc.	Other tenure type	0
Other Territories	2011	Semi-detached, row/terrace house, townhouse etc.	Owned outright	19
Other Territories	2011	Semi-detached, row/terrace house, townhouse etc.	Owned with a mortgage	12
Other Territories	2011	Semi-detached, row/terrace house, townhouse etc.	Rented Housing co operative community church group	0
Other Territories	2011	Semi-detached, row/terrace house, townhouse etc.	Rented Landlord type not stated	4
Other Territories	2011	Semi-detached, row/terrace house, townhouse etc.	Rented Other landlord type	12
Other Territories	2011	Semi-detached, row/terrace house, townhouse etc.	Rented Person not in same household	18
Other Territories	2011	Semi-detached, row/terrace house, townhouse etc.	Rented Real estate agent	3
Other Territories	2011	Semi-detached, row/terrace house, townhouse etc.	Rented State or territory housing authority	4
Other Territories	2011	Separate house		24
Other Territories	2011	Separate house	Other tenure type	29
Other Territories	2011	Separate house	Owned outright	87
Other Territories	2011	Separate house	Owned with a mortgage	41
Other Territories	2011	Separate house	Rented Housing co operative community church group	47
Other Territories	2011	Separate house	Rented Landlord type not stated	11
Other Territories	2011	Separate house	Rented Other landlord type	74
Other Territories	2011	Separate house	Rented Person not in same household	32
Other Territories	2011	Separate house	Rented Real estate agent	20
Other Territories	2011	Separate house	Rented State or territory housing authority	70
Other Territories	2016			3
Other Territories	2016		Other tenure type	0
Other Territories	2016		Owned outright	3
Other Territories	2016		Owned with a mortgage	3
Other Territories	2016		Rented Housing co operative community church group	0
Other Territories	2016		Rented Landlord type not stated	0
Other Territories	2016		Rented Other landlord type	0
Other Territories	2016		Rented Person not in same household	0
Other Territories	2016		Rented Real estate agent	3
Other Territories	2016		Rented State or territory housing authority	0
Other Territories	2016	(Other)		13
Other Territories	2016	(Other)	Other tenure type	5
Other Territories	2016	(Other)	Owned outright	3
Other Territories	2016	(Other)	Owned with a mortgage	0
Other Territories	2016	(Other)	Rented Housing co operative community church group	0
Other Territories	2016	(Other)	Rented Landlord type not stated	0
Other Territories	2016	(Other)	Rented Other landlord type	3
Other Territories	2016	(Other)	Rented Person not in same household	3
Other Territories	2016	(Other)	Rented Real estate agent	3
Other Territories	2016	(Other)	Rented State or territory housing authority	0
Other Territories	2016	Flat/apartment		32
Other Territories	2016	Flat/apartment	Other tenure type	3
Other Territories	2016	Flat/apartment	Owned outright	23
Other Territories	2016	Flat/apartment	Owned with a mortgage	11
Other Territories	2016	Flat/apartment	Rented Housing co operative community church group	0
Other Territories	2016	Flat/apartment	Rented Landlord type not stated	3
Other Territories	2016	Flat/apartment	Rented Other landlord type	34
Other Territories	2016	Flat/apartment	Rented Person not in same household	18
Other Territories	2016	Flat/apartment	Rented Real estate agent	10
Other Territories	2016	Flat/apartment	Rented State or territory housing authority	32
Other Territories	2016	Semi-detached, row/terrace house, townhouse etc.		10
Other Territories	2016	Semi-detached, row/terrace house, townhouse etc.	Other tenure type	3
Other Territories	2016	Semi-detached, row/terrace house, townhouse etc.	Owned outright	15
Other Territories	2016	Semi-detached, row/terrace house, townhouse etc.	Owned with a mortgage	11
Other Territories	2016	Semi-detached, row/terrace house, townhouse etc.	Rented Housing co operative community church group	0
Other Territories	2016	Semi-detached, row/terrace house, townhouse etc.	Rented Landlord type not stated	0
Other Territories	2016	Semi-detached, row/terrace house, townhouse etc.	Rented Other landlord type	17
Other Territories	2016	Semi-detached, row/terrace house, townhouse etc.	Rented Person not in same household	15
Other Territories	2016	Semi-detached, row/terrace house, townhouse etc.	Rented Real estate agent	3
Other Territories	2016	Semi-detached, row/terrace house, townhouse etc.	Rented State or territory housing authority	26
Other Territories	2016	Separate house		104
Other Territories	2016	Separate house	Other tenure type	49
Other Territories	2016	Separate house	Owned outright	367
Other Territories	2016	Separate house	Owned with a mortgage	286
Other Territories	2016	Separate house	Rented Housing co operative community church group	25
Other Territories	2016	Separate house	Rented Landlord type not stated	32
Other Territories	2016	Separate house	Rented Other landlord type	95
Other Territories	2016	Separate house	Rented Person not in same household	138
Other Territories	2016	Separate house	Rented Real estate agent	83
Other Territories	2016	Separate house	Rented State or territory housing authority	57
