LGA_NAME16	Year	SpeaksEnglishOnly	persons
Albury (C)	2006	0	1679
Albury (C)	2006	1	42600
Albury (C)	2011	0	2539
Albury (C)	2011	1	43202
Albury (C)	2016	0	3446
Albury (C)	2016	1	44120
Armidale Regional (A)	2006	0	1059
Armidale Regional (A)	2006	1	25340
Armidale Regional (A)	2011	0	1599
Armidale Regional (A)	2011	1	25413
Armidale Regional (A)	2016	0	2333
Armidale Regional (A)	2016	1	24937
Ballina (A)	2006	0	929
Ballina (A)	2006	1	36050
Ballina (A)	2011	0	1286
Ballina (A)	2011	1	36545
Ballina (A)	2016	0	1578
Ballina (A)	2016	1	37214
Balranald (A)	2006	0	173
Balranald (A)	2006	1	2132
Balranald (A)	2011	0	176
Balranald (A)	2011	1	1941
Balranald (A)	2016	0	154
Balranald (A)	2016	1	1902
Bathurst Regional (A)	2006	0	1048
Bathurst Regional (A)	2006	1	32831
Bathurst Regional (A)	2011	0	1259
Bathurst Regional (A)	2011	1	34883
Bathurst Regional (A)	2016	0	1695
Bathurst Regional (A)	2016	1	35906
Bega Valley (A)	2006	0	819
Bega Valley (A)	2006	1	29118
Bega Valley (A)	2011	0	916
Bega Valley (A)	2011	1	29746
Bega Valley (A)	2016	0	1003
Bega Valley (A)	2016	1	29765
Bellingen (A)	2006	0	290
Bellingen (A)	2006	1	11654
Bellingen (A)	2011	0	390
Bellingen (A)	2011	1	11775
Bellingen (A)	2016	0	403
Bellingen (A)	2016	1	11446
Berrigan (A)	2006	0	157
Berrigan (A)	2006	1	7623
Berrigan (A)	2011	0	177
Berrigan (A)	2011	1	7532
Berrigan (A)	2016	0	260
Berrigan (A)	2016	1	7377
Blacktown (C)	2006	0	88043
Blacktown (C)	2006	1	168819
Blacktown (C)	2011	0	111183
Blacktown (C)	2011	1	177070
Blacktown (C)	2016	0	138302
Blacktown (C)	2016	1	180926
Bland (A)	2006	0	64
Bland (A)	2006	1	5879
Bland (A)	2011	0	69
Bland (A)	2011	1	5639
Bland (A)	2016	0	130
Bland (A)	2016	1	5108
Blayney (A)	2006	0	101
Blayney (A)	2006	1	6349
Blayney (A)	2011	0	119
Blayney (A)	2011	1	6545
Blayney (A)	2016	0	115
Blayney (A)	2016	1	6650
Blue Mountains (C)	2006	0	3564
Blue Mountains (C)	2006	1	67574
Blue Mountains (C)	2011	0	3864
Blue Mountains (C)	2011	1	68602
Blue Mountains (C)	2016	0	4707
Blue Mountains (C)	2016	1	68689
Bogan (A)	2006	0	29
Bogan (A)	2006	1	2809
Bogan (A)	2011	0	59
Bogan (A)	2011	1	2655
Bogan (A)	2016	0	67
Bogan (A)	2016	1	2335
Botany Bay (C)	2006	0	15696
Botany Bay (C)	2006	1	18041
Botany Bay (C)	2011	0	17356
Botany Bay (C)	2011	1	19774
Botany Bay (C)	2016	0	20785
Botany Bay (C)	2016	1	22941
Bourke (A)	2006	0	51
Bourke (A)	2006	1	2831
Bourke (A)	2011	0	43
Bourke (A)	2011	1	2417
Bourke (A)	2016	0	64
Bourke (A)	2016	1	2048
Brewarrina (A)	2006	0	19
Brewarrina (A)	2006	1	1741
Brewarrina (A)	2011	0	34
Brewarrina (A)	2011	1	1628
Brewarrina (A)	2016	0	60
Brewarrina (A)	2016	1	1415
Broken Hill (C)	2006	0	363
Broken Hill (C)	2006	1	17733
Broken Hill (C)	2011	0	417
Broken Hill (C)	2011	1	16917
Broken Hill (C)	2016	0	443
Broken Hill (C)	2016	1	15703
Burwood (A)	2006	0	17240
Burwood (A)	2006	1	11499
Burwood (A)	2011	0	19184
Burwood (A)	2011	1	11605
Burwood (A)	2016	0	23421
Burwood (A)	2016	1	11563
Byron (A)	2006	0	1502
Byron (A)	2006	1	25031
Byron (A)	2011	0	1843
Byron (A)	2011	1	25786
Byron (A)	2016	0	2132
Byron (A)	2016	1	25554
Cabonne (A)	2006	0	182
Cabonne (A)	2006	1	11846
Cabonne (A)	2011	0	226
Cabonne (A)	2011	1	12259
Cabonne (A)	2016	0	273
Cabonne (A)	2016	1	12207
Camden (A)	2006	0	4534
Camden (A)	2006	1	43354
Camden (A)	2011	0	5793
Camden (A)	2011	1	48973
Camden (A)	2016	0	11268
Camden (A)	2016	1	63466
Campbelltown (C) (NSW)	2006	0	31537
Campbelltown (C) (NSW)	2006	1	103290
Campbelltown (C) (NSW)	2011	0	36781
Campbelltown (C) (NSW)	2011	1	101865
Campbelltown (C) (NSW)	2016	0	47716
Campbelltown (C) (NSW)	2016	1	100164
Canada Bay (A)	2006	0	20572
Canada Bay (A)	2006	1	40583
Canada Bay (A)	2011	0	27113
Canada Bay (A)	2011	1	44186
Canada Bay (A)	2016	0	35967
Canada Bay (A)	2016	1	47038
Canterbury-Bankstown (A)	2006	0	167403
Canterbury-Bankstown (A)	2006	1	113295
Canterbury-Bankstown (A)	2011	0	187585
Canterbury-Bankstown (A)	2011	1	113232
Canterbury-Bankstown (A)	2016	0	208328
Canterbury-Bankstown (A)	2016	1	117941
Carrathool (A)	2006	0	97
Carrathool (A)	2006	1	2555
Carrathool (A)	2011	0	98
Carrathool (A)	2011	1	2405
Carrathool (A)	2016	0	161
Carrathool (A)	2016	1	2332
Central Coast (C) (NSW)	2006	0	11589
Central Coast (C) (NSW)	2006	1	270097
Central Coast (C) (NSW)	2011	0	14596
Central Coast (C) (NSW)	2011	1	283619
Central Coast (C) (NSW)	2016	0	19219
Central Coast (C) (NSW)	2016	1	289774
Central Darling (A)	2006	0	33
Central Darling (A)	2006	1	1754
Central Darling (A)	2011	0	59
Central Darling (A)	2011	1	1796
Central Darling (A)	2016	0	50
Central Darling (A)	2016	1	1479
Cessnock (C)	2006	0	732
Cessnock (C)	2006	1	43318
Cessnock (C)	2011	0	880
Cessnock (C)	2011	1	47276
Cessnock (C)	2016	0	1055
Cessnock (C)	2016	1	49842
Clarence Valley (A)	2006	0	737
Clarence Valley (A)	2006	1	45483
Clarence Valley (A)	2011	0	928
Clarence Valley (A)	2011	1	46664
Clarence Valley (A)	2016	0	1084
Clarence Valley (A)	2016	1	45752
Cobar (A)	2006	0	108
Cobar (A)	2006	1	4456
Cobar (A)	2011	0	150
Cobar (A)	2011	1	4220
Cobar (A)	2016	0	189
Cobar (A)	2016	1	3908
Coffs Harbour (C)	2006	0	2765
Coffs Harbour (C)	2006	1	59521
Coffs Harbour (C)	2011	0	3895
Coffs Harbour (C)	2011	1	61766
Coffs Harbour (C)	2016	0	5461
Coffs Harbour (C)	2016	1	62254
Coolamon (A)	2006	0	48
Coolamon (A)	2006	1	3882
Coolamon (A)	2011	0	46
Coolamon (A)	2011	1	3873
Coolamon (A)	2016	0	50
Coolamon (A)	2016	1	3817
Coonamble (A)	2006	0	40
Coonamble (A)	2006	1	4025
Coonamble (A)	2011	0	41
Coonamble (A)	2011	1	3778
Coonamble (A)	2016	0	51
Coonamble (A)	2016	1	3266
Cowra (A)	2006	0	234
Cowra (A)	2006	1	11863
Cowra (A)	2011	0	270
Cowra (A)	2011	1	11158
Cowra (A)	2016	0	323
Cowra (A)	2016	1	11090
Cumberland (A)	2006	0	98060
Cumberland (A)	2006	1	63586
Cumberland (A)	2011	0	118593
Cumberland (A)	2011	1	62224
Cumberland (A)	2016	0	141807
Cumberland (A)	2016	1	62405
Dungog (A)	2006	0	80
Dungog (A)	2006	1	7599
Dungog (A)	2011	0	92
Dungog (A)	2011	1	7904
Dungog (A)	2016	0	76
Dungog (A)	2016	1	8282
Edward River (A)	2006	0	184
Edward River (A)	2006	1	8533
Edward River (A)	2011	0	188
Edward River (A)	2011	1	8045
Edward River (A)	2016	0	288
Edward River (A)	2016	1	7715
Eurobodalla (A)	2006	0	1294
Eurobodalla (A)	2006	1	32350
Eurobodalla (A)	2011	0	1303
Eurobodalla (A)	2011	1	32593
Eurobodalla (A)	2016	0	1400
Eurobodalla (A)	2016	1	33050
Fairfield (C)	2006	0	120898
Fairfield (C)	2006	1	49490
Fairfield (C)	2011	0	131164
Fairfield (C)	2011	1	48619
Fairfield (C)	2016	0	140719
Fairfield (C)	2016	1	49353
Federation (A)	2006	0	194
Federation (A)	2006	1	11603
Federation (A)	2011	0	194
Federation (A)	2011	1	11497
Federation (A)	2016	0	242
Federation (A)	2016	1	11039
Forbes (A)	2006	0	133
Forbes (A)	2006	1	8850
Forbes (A)	2011	0	136
Forbes (A)	2011	1	8724
Forbes (A)	2016	0	201
Forbes (A)	2016	1	8538
Georges River (A)	2006	0	54601
Georges River (A)	2006	1	65157
Georges River (A)	2011	0	66398
Georges River (A)	2011	1	63196
Georges River (A)	2016	0	78626
Georges River (A)	2016	1	62154
Gilgandra (A)	2006	0	52
Gilgandra (A)	2006	1	4288
Gilgandra (A)	2011	0	68
Gilgandra (A)	2011	1	4048
Gilgandra (A)	2016	0	88
Gilgandra (A)	2016	1	3813
Glen Innes Severn (A)	2006	0	118
Glen Innes Severn (A)	2006	1	8202
Glen Innes Severn (A)	2011	0	144
Glen Innes Severn (A)	2011	1	8053
Glen Innes Severn (A)	2016	0	189
Glen Innes Severn (A)	2016	1	7633
Goulburn Mulwaree (A)	2006	0	717
Goulburn Mulwaree (A)	2006	1	23702
Goulburn Mulwaree (A)	2011	0	908
Goulburn Mulwaree (A)	2011	1	24895
Goulburn Mulwaree (A)	2016	0	1398
Goulburn Mulwaree (A)	2016	1	25746
Greater Hume Shire (A)	2006	0	110
Greater Hume Shire (A)	2006	1	9329
Greater Hume Shire (A)	2011	0	170
Greater Hume Shire (A)	2011	1	9233
Greater Hume Shire (A)	2016	0	204
Greater Hume Shire (A)	2016	1	9495
Griffith (C)	2006	0	4614
Griffith (C)	2006	1	17854
Griffith (C)	2011	0	5017
Griffith (C)	2011	1	17901
Griffith (C)	2016	0	5351
Griffith (C)	2016	1	17858
Gundagai (A)	2006	0	121
Gundagai (A)	2006	1	10584
Gundagai (A)	2011	0	163
Gundagai (A)	2011	1	10386
Gundagai (A)	2016	0	218
Gundagai (A)	2016	1	10152
Gunnedah (A)	2006	0	125
Gunnedah (A)	2006	1	10988
Gunnedah (A)	2011	0	173
Gunnedah (A)	2011	1	11205
Gunnedah (A)	2016	0	271
Gunnedah (A)	2016	1	11000
Gwydir (A)	2006	0	38
Gwydir (A)	2006	1	5105
Gwydir (A)	2011	0	48
Gwydir (A)	2011	1	4805
Gwydir (A)	2016	0	58
Gwydir (A)	2016	1	4685
Hawkesbury (C)	2006	0	2923
Hawkesbury (C)	2006	1	54553
Hawkesbury (C)	2011	0	3282
Hawkesbury (C)	2011	1	56343
Hawkesbury (C)	2016	0	3857
Hawkesbury (C)	2016	1	57007
Hay (A)	2006	0	70
Hay (A)	2006	1	3209
Hay (A)	2011	0	86
Hay (A)	2011	1	2756
Hay (A)	2016	0	112
Hay (A)	2016	1	2483
Hilltops (A)	2006	0	429
Hilltops (A)	2006	1	16942
Hilltops (A)	2011	0	454
Hilltops (A)	2011	1	16940
Hilltops (A)	2016	0	632
Hilltops (A)	2016	1	16623
Hornsby (A)	2006	0	28734
Hornsby (A)	2006	1	99211
Hornsby (A)	2011	0	35403
Hornsby (A)	2011	1	98170
Hornsby (A)	2016	0	44377
Hornsby (A)	2016	1	93165
Hunters Hill (A)	2006	0	2249
Hunters Hill (A)	2006	1	10178
Hunters Hill (A)	2011	0	2408
Hunters Hill (A)	2011	1	10336
Hunters Hill (A)	2016	0	2723
Hunters Hill (A)	2016	1	10532
Inner West (A)	2006	0	47453
Inner West (A)	2006	1	99457
Inner West (A)	2011	0	49713
Inner West (A)	2011	1	109506
Inner West (A)	2016	0	51719
Inner West (A)	2016	1	117284
Inverell (A)	2006	0	213
Inverell (A)	2006	1	14755
Inverell (A)	2011	0	356
Inverell (A)	2011	1	15197
Inverell (A)	2016	0	517
Inverell (A)	2016	1	14655
Junee (A)	2006	0	62
Junee (A)	2006	1	4764
Junee (A)	2011	0	68
Junee (A)	2011	1	4840
Junee (A)	2016	0	194
Junee (A)	2016	1	4759
Kempsey (A)	2006	0	435
Kempsey (A)	2006	1	25283
Kempsey (A)	2011	0	540
Kempsey (A)	2011	1	25854
Kempsey (A)	2016	0	651
Kempsey (A)	2016	1	25255
Kiama (A)	2006	0	622
Kiama (A)	2006	1	17742
Kiama (A)	2011	0	747
Kiama (A)	2011	1	18667
Kiama (A)	2016	0	925
Kiama (A)	2016	1	19210
Ku-ring-gai (A)	2006	0	17388
Ku-ring-gai (A)	2006	1	80614
Ku-ring-gai (A)	2011	0	22973
Ku-ring-gai (A)	2011	1	82608
Ku-ring-gai (A)	2016	0	32752
Ku-ring-gai (A)	2016	1	81070
Kyogle (A)	2006	0	231
Kyogle (A)	2006	1	8726
Kyogle (A)	2011	0	242
Kyogle (A)	2011	1	8575
Kyogle (A)	2016	0	240
Kyogle (A)	2016	1	7878
Lachlan (A)	2006	0	70
Lachlan (A)	2006	1	6362
Lachlan (A)	2011	0	93
Lachlan (A)	2011	1	6116
Lachlan (A)	2016	0	134
Lachlan (A)	2016	1	5366
Lake Macquarie (C)	2006	0	6002
Lake Macquarie (C)	2006	1	170605
Lake Macquarie (C)	2011	0	7150
Lake Macquarie (C)	2011	1	175718
Lake Macquarie (C)	2016	0	8752
Lake Macquarie (C)	2016	1	180098
Lane Cove (A)	2006	0	5680
Lane Cove (A)	2006	1	22916
Lane Cove (A)	2011	0	6834
Lane Cove (A)	2011	1	23563
Lane Cove (A)	2016	0	9516
Lane Cove (A)	2016	1	24896
Leeton (A)	2006	0	679
Leeton (A)	2006	1	9849
Leeton (A)	2011	0	656
Leeton (A)	2011	1	9770
Leeton (A)	2016	0	818
Leeton (A)	2016	1	9366
Lismore (C)	2006	0	1549
Lismore (C)	2006	1	39053
Lismore (C)	2011	0	1829
Lismore (C)	2011	1	39356
Lismore (C)	2016	0	1989
Lismore (C)	2016	1	37762
Lithgow (C)	2006	0	476
Lithgow (C)	2006	1	18085
Lithgow (C)	2011	0	595
Lithgow (C)	2011	1	18290
Lithgow (C)	2016	0	727
Lithgow (C)	2016	1	17905
Liverpool (C)	2006	0	75489
Liverpool (C)	2006	1	77518
Liverpool (C)	2011	0	89767
Liverpool (C)	2011	1	80046
Liverpool (C)	2016	0	106090
Liverpool (C)	2016	1	84511
Liverpool Plains (A)	2006	0	74
Liverpool Plains (A)	2006	1	6977
Liverpool Plains (A)	2011	0	105
Liverpool Plains (A)	2011	1	7067
Liverpool Plains (A)	2016	0	87
Liverpool Plains (A)	2016	1	6910
Lockhart (A)	2006	0	33
Lockhart (A)	2006	1	3087
Lockhart (A)	2011	0	37
Lockhart (A)	2011	1	2860
Lockhart (A)	2016	0	41
Lockhart (A)	2016	1	2821
Maitland (C)	2006	0	1546
Maitland (C)	2006	1	57939
Maitland (C)	2011	0	2096
Maitland (C)	2011	1	62917
Maitland (C)	2016	0	3065
Maitland (C)	2016	1	70392
Mid-Coast (A)	2006	0	1536
Mid-Coast (A)	2006	1	77994
Mid-Coast (A)	2011	0	1929
Mid-Coast (A)	2011	1	79991
Mid-Coast (A)	2016	0	2362
Mid-Coast (A)	2016	1	81652
Mid-Western Regional (A)	2006	0	540
Mid-Western Regional (A)	2006	1	19567
Mid-Western Regional (A)	2011	0	596
Mid-Western Regional (A)	2011	1	20579
Mid-Western Regional (A)	2016	0	651
Mid-Western Regional (A)	2016	1	21047
Moree Plains (A)	2006	0	292
Moree Plains (A)	2006	1	12531
Moree Plains (A)	2011	0	331
Moree Plains (A)	2011	1	12001
Moree Plains (A)	2016	0	465
Moree Plains (A)	2016	1	11075
Mosman (A)	2006	0	2720
Mosman (A)	2006	1	21684
Mosman (A)	2011	0	3485
Mosman (A)	2011	1	22097
Mosman (A)	2016	0	4306
Mosman (A)	2016	1	22190
Murray River (A)	2006	0	219
Murray River (A)	2006	1	9987
Murray River (A)	2011	0	248
Murray River (A)	2011	1	10151
Murray River (A)	2016	0	288
Murray River (A)	2016	1	10488
Murrumbidgee (A)	2006	0	102
Murrumbidgee (A)	2006	1	3882
Murrumbidgee (A)	2011	0	98
Murrumbidgee (A)	2011	1	3455
Murrumbidgee (A)	2016	0	126
Murrumbidgee (A)	2016	1	3309
Muswellbrook (A)	2006	0	257
Muswellbrook (A)	2006	1	13980
Muswellbrook (A)	2011	0	439
Muswellbrook (A)	2011	1	14163
Muswellbrook (A)	2016	0	560
Muswellbrook (A)	2016	1	14181
Nambucca (A)	2006	0	309
Nambucca (A)	2006	1	16776
Nambucca (A)	2011	0	432
Nambucca (A)	2011	1	17487
Nambucca (A)	2016	0	459
Nambucca (A)	2016	1	17278
Narrabri (A)	2006	0	157
Narrabri (A)	2006	1	12381
Narrabri (A)	2011	0	198
Narrabri (A)	2011	1	12095
Narrabri (A)	2016	0	230
Narrabri (A)	2016	1	11424
Narrandera (A)	2006	0	119
Narrandera (A)	2006	1	5702
Narrandera (A)	2011	0	136
Narrandera (A)	2011	1	5400
Narrandera (A)	2016	0	147
Narrandera (A)	2016	1	5095
Narromine (A)	2006	0	66
Narromine (A)	2006	1	6216
Narromine (A)	2011	0	90
Narromine (A)	2011	1	6195
Narromine (A)	2016	0	80
Narromine (A)	2016	1	5752
Newcastle (C)	2006	0	10171
Newcastle (C)	2006	1	124442
Newcastle (C)	2011	0	12343
Newcastle (C)	2011	1	129598
Newcastle (C)	2016	0	15386
Newcastle (C)	2016	1	131814
North Sydney (A)	2006	0	9636
North Sydney (A)	2006	1	42524
North Sydney (A)	2011	0	12213
North Sydney (A)	2011	1	44860
North Sydney (A)	2016	0	15055
North Sydney (A)	2016	1	47433
Northern Beaches (A)	2006	0	27140
Northern Beaches (A)	2006	1	185720
Northern Beaches (A)	2011	0	31828
Northern Beaches (A)	2011	1	195949
Northern Beaches (A)	2016	0	38204
Northern Beaches (A)	2016	1	201772
Oberon (A)	2006	0	127
Oberon (A)	2006	1	4605
Oberon (A)	2011	0	145
Oberon (A)	2011	1	4624
Oberon (A)	2016	0	178
Oberon (A)	2016	1	4462
Orange (C)	2006	0	1193
Orange (C)	2006	1	32486
Orange (C)	2011	0	1867
Orange (C)	2011	1	34230
Orange (C)	2016	0	2409
Orange (C)	2016	1	35416
Parkes (A)	2006	0	222
Parkes (A)	2006	1	13633
Parkes (A)	2011	0	323
Parkes (A)	2011	1	13393
Parkes (A)	2016	0	409
Parkes (A)	2016	1	12931
Parramatta (C)	2006	0	67560
Parramatta (C)	2006	1	94243
Parramatta (C)	2011	0	88314
Parramatta (C)	2011	1	94170
Parramatta (C)	2016	0	117613
Parramatta (C)	2016	1	94332
Penrith (C)	2006	0	23133
Penrith (C)	2006	1	140939
Penrith (C)	2011	0	25982
Penrith (C)	2011	1	144386
Penrith (C)	2016	0	33084
Penrith (C)	2016	1	151300
Port Macquarie-Hastings (A)	2006	0	1339
Port Macquarie-Hastings (A)	2006	1	64353
Port Macquarie-Hastings (A)	2011	0	1698
Port Macquarie-Hastings (A)	2011	1	68143
Port Macquarie-Hastings (A)	2016	0	2401
Port Macquarie-Hastings (A)	2016	1	71257
Port Stephens (A)	2006	0	1635
Port Stephens (A)	2006	1	56108
Port Stephens (A)	2011	0	1896
Port Stephens (A)	2011	1	59775
Port Stephens (A)	2016	0	2366
Port Stephens (A)	2016	1	62212
Queanbeyan-Palerang Regional (A)	2006	0	5011
Queanbeyan-Palerang Regional (A)	2006	1	40431
Queanbeyan-Palerang Regional (A)	2011	0	5989
Queanbeyan-Palerang Regional (A)	2011	1	43814
Queanbeyan-Palerang Regional (A)	2016	0	6791
Queanbeyan-Palerang Regional (A)	2016	1	45218
Randwick (C)	2006	0	33425
Randwick (C)	2006	1	75311
Randwick (C)	2011	0	38762
Randwick (C)	2011	1	79917
Randwick (C)	2016	0	45113
Randwick (C)	2016	1	83952
Richmond Valley (A)	2006	0	310
Richmond Valley (A)	2006	1	20252
Richmond Valley (A)	2011	0	385
Richmond Valley (A)	2011	1	20675
Richmond Valley (A)	2016	0	394
Richmond Valley (A)	2016	1	20630
Rockdale (C)	2006	0	46976
Rockdale (C)	2006	1	38136
Rockdale (C)	2011	0	52901
Rockdale (C)	2011	1	38646
Rockdale (C)	2016	0	61549
Rockdale (C)	2016	1	41160
Ryde (C)	2006	0	35172
Ryde (C)	2006	1	56208
Ryde (C)	2011	0	43301
Ryde (C)	2011	1	55314
Ryde (C)	2016	0	55899
Ryde (C)	2016	1	55443
Shellharbour (C)	2006	0	6499
Shellharbour (C)	2006	1	51338
Shellharbour (C)	2011	0	6885
Shellharbour (C)	2011	1	54808
Shellharbour (C)	2016	0	7107
Shellharbour (C)	2016	1	57950
Shoalhaven (C)	2006	0	2958
Shoalhaven (C)	2006	1	81390
Shoalhaven (C)	2011	0	3168
Shoalhaven (C)	2011	1	84480
Shoalhaven (C)	2016	0	4009
Shoalhaven (C)	2016	1	88148
Singleton (A)	2006	0	429
Singleton (A)	2006	1	20612
Singleton (A)	2011	0	604
Singleton (A)	2011	1	21215
Singleton (A)	2016	0	715
Singleton (A)	2016	1	20595
Snowy Monaro Regional (A)	2006	0	902
Snowy Monaro Regional (A)	2006	1	16557
Snowy Monaro Regional (A)	2011	0	1014
Snowy Monaro Regional (A)	2011	1	17167
Snowy Monaro Regional (A)	2016	0	1068
Snowy Monaro Regional (A)	2016	1	17287
Snowy Valleys (A)	2006	0	342
Snowy Valleys (A)	2006	1	13273
Snowy Valleys (A)	2011	0	453
Snowy Valleys (A)	2011	1	13201
Snowy Valleys (A)	2016	0	504
Snowy Valleys (A)	2016	1	12480
Strathfield (A)	2006	0	18065
Strathfield (A)	2006	1	11531
Strathfield (A)	2011	0	21411
Strathfield (A)	2011	1	11308
Strathfield (A)	2016	0	25869
Strathfield (A)	2016	1	11783
Sutherland Shire (A)	2006	0	21239
Sutherland Shire (A)	2006	1	175893
Sutherland Shire (A)	2011	0	24353
Sutherland Shire (A)	2011	1	179675
Sutherland Shire (A)	2016	0	28410
Sutherland Shire (A)	2016	1	181626
Sydney (C)	2006	0	37729
Sydney (C)	2006	1	81305
Sydney (C)	2011	0	50685
Sydney (C)	2011	1	96858
Sydney (C)	2016	0	75390
Sydney (C)	2016	1	107287
Tamworth Regional (A)	2006	0	881
Tamworth Regional (A)	2006	1	50655
Tamworth Regional (A)	2011	0	1110
Tamworth Regional (A)	2011	1	52608
Tamworth Regional (A)	2016	0	2236
Tamworth Regional (A)	2016	1	52935
Temora (A)	2006	0	78
Temora (A)	2006	1	5602
Temora (A)	2011	0	105
Temora (A)	2011	1	5498
Temora (A)	2016	0	131
Temora (A)	2016	1	5648
Tenterfield (A)	2006	0	139
Tenterfield (A)	2006	1	6190
Tenterfield (A)	2011	0	157
Tenterfield (A)	2011	1	6281
Tenterfield (A)	2016	0	163
Tenterfield (A)	2016	1	5730
The Hills Shire (A)	2006	0	29838
The Hills Shire (A)	2006	1	98838
The Hills Shire (A)	2011	0	37493
The Hills Shire (A)	2011	1	101008
The Hills Shire (A)	2016	0	50108
The Hills Shire (A)	2016	1	102587
Tweed (A)	2006	0	2479
Tweed (A)	2006	1	72680
Tweed (A)	2011	0	3125
Tweed (A)	2011	1	77991
Tweed (A)	2016	0	3845
Tweed (A)	2016	1	81054
Upper Hunter Shire (A)	2006	0	217
Upper Hunter Shire (A)	2006	1	12257
Upper Hunter Shire (A)	2011	0	264
Upper Hunter Shire (A)	2011	1	12911
Upper Hunter Shire (A)	2016	0	418
Upper Hunter Shire (A)	2016	1	12444
Upper Lachlan Shire (A)	2006	0	112
Upper Lachlan Shire (A)	2006	1	6614
Upper Lachlan Shire (A)	2011	0	145
Upper Lachlan Shire (A)	2011	1	6770
Upper Lachlan Shire (A)	2016	0	122
Upper Lachlan Shire (A)	2016	1	6958
Uralla (A)	2006	0	102
Uralla (A)	2006	1	5472
Uralla (A)	2011	0	122
Uralla (A)	2011	1	5681
Uralla (A)	2016	0	99
Uralla (A)	2016	1	5564
Wagga Wagga (C)	2006	0	1724
Wagga Wagga (C)	2006	1	53543
Wagga Wagga (C)	2011	0	2752
Wagga Wagga (C)	2011	1	54800
Wagga Wagga (C)	2016	0	4129
Wagga Wagga (C)	2016	1	54708
Walcha (A)	2006	0	37
Walcha (A)	2006	1	3090
Walcha (A)	2011	0	50
Walcha (A)	2011	1	2901
Walcha (A)	2016	0	44
Walcha (A)	2016	1	2708
Walgett (A)	2006	0	365
Walgett (A)	2006	1	6139
Walgett (A)	2011	0	356
Walgett (A)	2011	1	5537
Walgett (A)	2016	0	322
Walgett (A)	2016	1	5042
Warren (A)	2006	0	16
Warren (A)	2006	1	2637
Warren (A)	2011	0	42
Warren (A)	2011	1	2615
Warren (A)	2016	0	55
Warren (A)	2016	1	2401
Warrumbungle Shire (A)	2006	0	165
Warrumbungle Shire (A)	2006	1	9282
Warrumbungle Shire (A)	2011	0	184
Warrumbungle Shire (A)	2011	1	8837
Warrumbungle Shire (A)	2016	0	194
Warrumbungle Shire (A)	2016	1	8178
Waverley (A)	2006	0	10617
Waverley (A)	2006	1	40324
Waverley (A)	2011	0	11986
Waverley (A)	2011	1	44746
Waverley (A)	2016	0	14020
Waverley (A)	2016	1	45870
Weddin (A)	2006	0	48
Weddin (A)	2006	1	3517
Weddin (A)	2011	0	32
Weddin (A)	2011	1	3476
Weddin (A)	2016	0	46
Weddin (A)	2016	1	3273
Wentworth (A)	2006	0	218
Wentworth (A)	2006	1	6246
Wentworth (A)	2011	0	193
Wentworth (A)	2011	1	6098
Wentworth (A)	2016	0	201
Wentworth (A)	2016	1	5843
Western Plains Regional (A)	2006	0	1004
Western Plains Regional (A)	2006	1	42211
Western Plains Regional (A)	2011	0	1315
Western Plains Regional (A)	2011	1	43532
Western Plains Regional (A)	2016	0	2349
Western Plains Regional (A)	2016	1	43242
Willoughby (C)	2006	0	19793
Willoughby (C)	2006	1	39890
Willoughby (C)	2011	0	23644
Willoughby (C)	2011	1	40685
Willoughby (C)	2016	0	29904
Willoughby (C)	2016	1	40861
Wingecarribee (A)	2006	0	1804
Wingecarribee (A)	2006	1	38454
Wingecarribee (A)	2011	0	1984
Wingecarribee (A)	2011	1	40565
Wingecarribee (A)	2016	0	2703
Wingecarribee (A)	2016	1	42268
Wollondilly (A)	2006	0	2062
Wollondilly (A)	2006	1	36581
Wollondilly (A)	2011	0	2226
Wollondilly (A)	2011	1	39455
Wollondilly (A)	2016	0	2768
Wollondilly (A)	2016	1	43229
Wollongong (C)	2006	0	29667
Wollongong (C)	2006	1	146000
Wollongong (C)	2011	0	32093
Wollongong (C)	2011	1	152693
Wollongong (C)	2016	0	34296
Wollongong (C)	2016	1	159289
Woollahra (A)	2006	0	6397
Woollahra (A)	2006	1	37633
Woollahra (A)	2011	0	6973
Woollahra (A)	2011	1	39817
Woollahra (A)	2016	0	8376
Woollahra (A)	2016	1	41035
Yass Valley (A)	2006	0	427
Yass Valley (A)	2006	1	12270
Yass Valley (A)	2011	0	555
Yass Valley (A)	2011	1	13765
Yass Valley (A)	2016	0	575
Yass Valley (A)	2016	1	14550
Unincorporated NSW	2006	0	20
Unincorporated NSW	2006	1	1002
Unincorporated NSW	2011	0	19
Unincorporated NSW	2011	1	1014
Unincorporated NSW	2016	0	27
Unincorporated NSW	2016	1	905
No usual address (NSW)	2006	0	1624
No usual address (NSW)	2006	1	7491
No usual address (NSW)	2011	0	1716
No usual address (NSW)	2011	1	8616
No usual address (NSW)	2016	0	1822
No usual address (NSW)	2016	1	7212
Migratory - Offshore - Shipping (NSW)	2006	0	5
Migratory - Offshore - Shipping (NSW)	2006	1	49
Migratory - Offshore - Shipping (NSW)	2011	0	21
Migratory - Offshore - Shipping (NSW)	2011	1	83
Migratory - Offshore - Shipping (NSW)	2016	0	92
Migratory - Offshore - Shipping (NSW)	2016	1	279
Alpine (S)	2006	0	1080
Alpine (S)	2006	1	10395
Alpine (S)	2011	0	1046
Alpine (S)	2011	1	10429
Alpine (S)	2016	0	943
Alpine (S)	2016	1	10386
Ararat (RC)	2006	0	212
Ararat (RC)	2006	1	10416
Ararat (RC)	2011	0	317
Ararat (RC)	2011	1	10114
Ararat (RC)	2016	0	424
Ararat (RC)	2016	1	9696
Ballarat (C)	2006	0	2723
Ballarat (C)	2006	1	78647
Ballarat (C)	2011	0	3839
Ballarat (C)	2011	1	85731
Ballarat (C)	2016	0	5499
Ballarat (C)	2016	1	89998
Banyule (C)	2006	0	19509
Banyule (C)	2006	1	91005
Banyule (C)	2011	0	23235
Banyule (C)	2011	1	91061
Banyule (C)	2016	0	26429
Banyule (C)	2016	1	89897
Bass Coast (S)	2006	0	1018
Bass Coast (S)	2006	1	23687
Bass Coast (S)	2011	0	1410
Bass Coast (S)	2011	1	26726
Bass Coast (S)	2016	0	1578
Bass Coast (S)	2016	1	28849
Baw Baw (S)	2006	0	1084
Baw Baw (S)	2006	1	34755
Baw Baw (S)	2011	0	1414
Baw Baw (S)	2011	1	39939
Baw Baw (S)	2016	0	1928
Baw Baw (S)	2016	1	43359
Bayside (C)	2006	0	10602
Bayside (C)	2006	1	73244
Bayside (C)	2011	0	12203
Bayside (C)	2011	1	75685
Bayside (C)	2016	0	14225
Bayside (C)	2016	1	77872
Benalla (RC)	2006	0	336
Benalla (RC)	2006	1	12744
Benalla (RC)	2011	0	394
Benalla (RC)	2011	1	12807
Benalla (RC)	2016	0	393
Benalla (RC)	2016	1	12352
Boroondara (C)	2006	0	31610
Boroondara (C)	2006	1	115812
Boroondara (C)	2011	0	37459
Boroondara (C)	2011	1	115984
Boroondara (C)	2016	0	45581
Boroondara (C)	2016	1	113886
Brimbank (C)	2006	0	90355
Brimbank (C)	2006	1	68534
Brimbank (C)	2011	0	102697
Brimbank (C)	2011	1	69221
Brimbank (C)	2016	0	113457
Brimbank (C)	2016	1	69300
Buloke (S)	2006	0	97
Buloke (S)	2006	1	6549
Buloke (S)	2011	0	152
Buloke (S)	2011	1	6056
Buloke (S)	2016	0	165
Buloke (S)	2016	1	5469
Campaspe (S)	2006	0	773
Campaspe (S)	2006	1	34158
Campaspe (S)	2011	0	911
Campaspe (S)	2011	1	33907
Campaspe (S)	2016	0	1089
Campaspe (S)	2016	1	33183
Cardinia (S)	2006	0	2668
Cardinia (S)	2006	1	51985
Cardinia (S)	2011	0	5203
Cardinia (S)	2011	1	66182
Cardinia (S)	2016	0	10570
Cardinia (S)	2016	1	78326
Casey (C)	2006	0	51018
Casey (C)	2006	1	153805
Casey (C)	2011	0	75365
Casey (C)	2011	1	167896
Casey (C)	2016	0	107272
Casey (C)	2016	1	177273
Central Goldfields (S)	2006	0	204
Central Goldfields (S)	2006	1	11760
Central Goldfields (S)	2011	0	232
Central Goldfields (S)	2011	1	11808
Central Goldfields (S)	2016	0	324
Central Goldfields (S)	2016	1	11755
Colac-Otway (S)	2006	0	485
Colac-Otway (S)	2006	1	19003
Colac-Otway (S)	2011	0	622
Colac-Otway (S)	2011	1	18983
Colac-Otway (S)	2016	0	884
Colac-Otway (S)	2016	1	18643
Corangamite (S)	2006	0	255
Corangamite (S)	2006	1	15791
Corangamite (S)	2011	0	254
Corangamite (S)	2011	1	15590
Corangamite (S)	2016	0	268
Corangamite (S)	2016	1	14519
Darebin (C)	2006	0	49901
Darebin (C)	2006	1	69711
Darebin (C)	2011	0	52877
Darebin (C)	2011	1	76249
Darebin (C)	2016	0	54334
Darebin (C)	2016	1	82621
East Gippsland (S)	2006	0	1183
East Gippsland (S)	2006	1	37146
East Gippsland (S)	2011	0	1344
East Gippsland (S)	2011	1	39158
East Gippsland (S)	2016	0	1586
East Gippsland (S)	2016	1	39559
Frankston (C)	2006	0	9693
Frankston (C)	2006	1	101315
Frankston (C)	2011	0	12914
Frankston (C)	2011	1	107568
Frankston (C)	2016	0	15246
Frankston (C)	2016	1	110620
Gannawarra (S)	2006	0	182
Gannawarra (S)	2006	1	10678
Gannawarra (S)	2011	0	157
Gannawarra (S)	2011	1	9758
Gannawarra (S)	2016	0	207
Gannawarra (S)	2016	1	9589
Glen Eira (C)	2006	0	32195
Glen Eira (C)	2006	1	83863
Glen Eira (C)	2011	0	38554
Glen Eira (C)	2011	1	87021
Glen Eira (C)	2016	0	44372
Glen Eira (C)	2016	1	89939
Glenelg (S)	2006	0	341
Glenelg (S)	2006	1	18632
Glenelg (S)	2011	0	445
Glenelg (S)	2011	1	18326
Glenelg (S)	2016	0	446
Glenelg (S)	2016	1	17547
Golden Plains (S)	2006	0	466
Golden Plains (S)	2006	1	15408
Golden Plains (S)	2011	0	599
Golden Plains (S)	2011	1	17590
Golden Plains (S)	2016	0	651
Golden Plains (S)	2016	1	19931
Greater Bendigo (C)	2006	0	2033
Greater Bendigo (C)	2006	1	87705
Greater Bendigo (C)	2011	0	3152
Greater Bendigo (C)	2011	1	93370
Greater Bendigo (C)	2016	0	5102
Greater Bendigo (C)	2016	1	97865
Greater Dandenong (C)	2006	0	69326
Greater Dandenong (C)	2006	1	48267
Greater Dandenong (C)	2011	0	83030
Greater Dandenong (C)	2011	1	45720
Greater Dandenong (C)	2016	0	98023
Greater Dandenong (C)	2016	1	45355
Greater Geelong (C)	2006	0	18126
Greater Geelong (C)	2006	1	171360
Greater Geelong (C)	2011	0	20265
Greater Geelong (C)	2011	1	182083
Greater Geelong (C)	2016	0	24807
Greater Geelong (C)	2016	1	194156
Greater Shepparton (C)	2006	0	5633
Greater Shepparton (C)	2006	1	48688
Greater Shepparton (C)	2011	0	7552
Greater Shepparton (C)	2011	1	49704
Greater Shepparton (C)	2016	0	9388
Greater Shepparton (C)	2016	1	49039
Hepburn (S)	2006	0	526
Hepburn (S)	2006	1	12556
Hepburn (S)	2011	0	633
Hepburn (S)	2011	1	13094
Hepburn (S)	2016	0	716
Hepburn (S)	2016	1	13232
Hindmarsh (S)	2006	0	123
Hindmarsh (S)	2006	1	5775
Hindmarsh (S)	2011	0	202
Hindmarsh (S)	2011	1	5399
Hindmarsh (S)	2016	0	310
Hindmarsh (S)	2016	1	5035
Hobsons Bay (C)	2006	0	22866
Hobsons Bay (C)	2006	1	54227
Hobsons Bay (C)	2011	0	24675
Hobsons Bay (C)	2011	1	55122
Hobsons Bay (C)	2016	0	25766
Hobsons Bay (C)	2016	1	58235
Horsham (RC)	2006	0	421
Horsham (RC)	2006	1	17524
Horsham (RC)	2011	0	572
Horsham (RC)	2011	1	18018
Horsham (RC)	2016	0	746
Horsham (RC)	2016	1	17827
Hume (C)	2006	0	53497
Hume (C)	2006	1	86217
Hume (C)	2011	0	68651
Hume (C)	2011	1	90836
Hume (C)	2016	0	88555
Hume (C)	2016	1	97600
Indigo (S)	2006	0	321
Indigo (S)	2006	1	13836
Indigo (S)	2011	0	326
Indigo (S)	2011	1	14159
Indigo (S)	2016	0	361
Indigo (S)	2016	1	14477
Kingston (C) (Vic.)	2006	0	30699
Kingston (C) (Vic.)	2006	1	97212
Kingston (C) (Vic.)	2011	0	35107
Kingston (C) (Vic.)	2011	1	101617
Kingston (C) (Vic.)	2016	0	39352
Kingston (C) (Vic.)	2016	1	104407
Knox (C)	2006	0	25978
Knox (C)	2006	1	116144
Knox (C)	2011	0	31565
Knox (C)	2011	1	114024
Knox (C)	2016	0	38825
Knox (C)	2016	1	109490
Latrobe (C) (Vic.)	2006	0	4105
Latrobe (C) (Vic.)	2006	1	62049
Latrobe (C) (Vic.)	2011	0	4991
Latrobe (C) (Vic.)	2011	1	64043
Latrobe (C) (Vic.)	2016	0	4835
Latrobe (C) (Vic.)	2016	1	62594
Loddon (S)	2006	0	115
Loddon (S)	2006	1	7479
Loddon (S)	2011	0	165
Loddon (S)	2011	1	6923
Loddon (S)	2016	0	223
Loddon (S)	2016	1	6482
Macedon Ranges (S)	2006	0	1459
Macedon Ranges (S)	2006	1	35305
Macedon Ranges (S)	2011	0	1744
Macedon Ranges (S)	2011	1	38697
Macedon Ranges (S)	2016	0	2061
Macedon Ranges (S)	2016	1	41018
Manningham (C)	2006	0	39252
Manningham (C)	2006	1	66673
Manningham (C)	2011	0	43166
Manningham (C)	2011	1	64927
Manningham (C)	2016	0	49408
Manningham (C)	2016	1	62330
Mansfield (S)	2006	0	199
Mansfield (S)	2006	1	6583
Mansfield (S)	2011	0	323
Mansfield (S)	2011	1	7293
Mansfield (S)	2016	0	336
Mansfield (S)	2016	1	7592
Maribyrnong (C)	2006	0	27048
Maribyrnong (C)	2006	1	31449
Maribyrnong (C)	2011	0	30676
Maribyrnong (C)	2011	1	35586
Maribyrnong (C)	2016	0	34445
Maribyrnong (C)	2016	1	42041
Maroondah (C)	2006	0	9011
Maroondah (C)	2006	1	86444
Maroondah (C)	2011	0	13093
Maroondah (C)	2011	1	87770
Maroondah (C)	2016	0	18727
Maroondah (C)	2016	1	87020
Melbourne (C)	2006	0	25363
Melbourne (C)	2006	1	39685
Melbourne (C)	2011	0	35746
Melbourne (C)	2011	1	47437
Melbourne (C)	2016	0	65445
Melbourne (C)	2016	1	55010
Melton (C)	2006	0	19169
Melton (C)	2006	1	55403
Melton (C)	2011	0	31584
Melton (C)	2011	1	71898
Melton (C)	2016	0	43583
Melton (C)	2016	1	82985
Mildura (RC)	2006	0	4147
Mildura (RC)	2006	1	43556
Mildura (RC)	2011	0	4572
Mildura (RC)	2011	1	43919
Mildura (RC)	2016	0	5125
Mildura (RC)	2016	1	44285
Mitchell (S)	2006	0	1537
Mitchell (S)	2006	1	27956
Mitchell (S)	2011	0	1959
Mitchell (S)	2011	1	30946
Mitchell (S)	2016	0	2949
Mitchell (S)	2016	1	34690
Moira (S)	2006	0	1162
Moira (S)	2006	1	24834
Moira (S)	2011	0	1307
Moira (S)	2011	1	25445
Moira (S)	2016	0	1330
Moira (S)	2016	1	25558
Monash (C)	2006	0	62200
Monash (C)	2006	1	91439
Monash (C)	2011	0	75210
Monash (C)	2011	1	88164
Monash (C)	2016	0	91552
Monash (C)	2016	1	82943
Moonee Valley (C)	2006	0	29367
Moonee Valley (C)	2006	1	67091
Moonee Valley (C)	2011	0	31813
Moonee Valley (C)	2011	1	70546
Moonee Valley (C)	2016	0	34714
Moonee Valley (C)	2016	1	75216
Moorabool (S)	2006	0	950
Moorabool (S)	2006	1	23619
Moorabool (S)	2011	0	1279
Moorabool (S)	2011	1	25781
Moorabool (S)	2016	0	1695
Moorabool (S)	2016	1	28161
Moreland (C)	2006	0	53589
Moreland (C)	2006	1	74128
Moreland (C)	2011	0	58071
Moreland (C)	2011	1	81344
Moreland (C)	2016	0	62038
Moreland (C)	2016	1	91028
Mornington Peninsula (S)	2006	0	6079
Mornington Peninsula (S)	2006	1	121524
Mornington Peninsula (S)	2011	0	7156
Mornington Peninsula (S)	2011	1	130626
Mornington Peninsula (S)	2016	0	8404
Mornington Peninsula (S)	2016	1	137793
Mount Alexander (S)	2006	0	354
Mount Alexander (S)	2006	1	15505
Mount Alexander (S)	2011	0	483
Mount Alexander (S)	2011	1	15814
Mount Alexander (S)	2016	0	633
Mount Alexander (S)	2016	1	15944
Moyne (S)	2006	0	161
Moyne (S)	2006	1	14646
Moyne (S)	2011	0	239
Moyne (S)	2011	1	15133
Moyne (S)	2016	0	360
Moyne (S)	2016	1	14891
Murrindindi (S)	2006	0	402
Murrindindi (S)	2006	1	12418
Murrindindi (S)	2011	0	435
Murrindindi (S)	2011	1	11974
Murrindindi (S)	2016	0	441
Murrindindi (S)	2016	1	12155
Nillumbik (S)	2006	0	4448
Nillumbik (S)	2006	1	53458
Nillumbik (S)	2011	0	4892
Nillumbik (S)	2011	1	53890
Nillumbik (S)	2016	0	5638
Nillumbik (S)	2016	1	53160
Northern Grampians (S)	2006	0	201
Northern Grampians (S)	2006	1	11316
Northern Grampians (S)	2011	0	285
Northern Grampians (S)	2011	1	11080
Northern Grampians (S)	2016	0	366
Northern Grampians (S)	2016	1	10263
Port Phillip (C)	2006	0	14962
Port Phillip (C)	2006	1	59439
Port Phillip (C)	2011	0	17998
Port Phillip (C)	2011	1	66106
Port Phillip (C)	2016	0	20762
Port Phillip (C)	2016	1	69959
Pyrenees (S)	2006	0	127
Pyrenees (S)	2006	1	6079
Pyrenees (S)	2011	0	130
Pyrenees (S)	2011	1	6160
Pyrenees (S)	2016	0	153
Pyrenees (S)	2016	1	6125
Queenscliffe (B)	2006	0	85
Queenscliffe (B)	2006	1	2779
Queenscliffe (B)	2011	0	67
Queenscliffe (B)	2011	1	2791
Queenscliffe (B)	2016	0	82
Queenscliffe (B)	2016	1	2535
South Gippsland (S)	2006	0	842
South Gippsland (S)	2006	1	23795
South Gippsland (S)	2011	0	949
South Gippsland (S)	2011	1	25284
South Gippsland (S)	2016	0	974
South Gippsland (S)	2016	1	25510
Southern Grampians (S)	2006	0	281
Southern Grampians (S)	2006	1	15948
Southern Grampians (S)	2011	0	346
Southern Grampians (S)	2011	1	15524
Southern Grampians (S)	2016	0	429
Southern Grampians (S)	2016	1	14603
Stonnington (C)	2006	0	17539
Stonnington (C)	2006	1	64714
Stonnington (C)	2011	0	19882
Stonnington (C)	2011	1	67407
Stonnington (C)	2016	0	24070
Stonnington (C)	2016	1	72214
Strathbogie (S)	2006	0	219
Strathbogie (S)	2006	1	8685
Strathbogie (S)	2011	0	257
Strathbogie (S)	2011	1	8796
Strathbogie (S)	2016	0	348
Strathbogie (S)	2016	1	9106
Surf Coast (S)	2006	0	684
Surf Coast (S)	2006	1	20043
Surf Coast (S)	2011	0	888
Surf Coast (S)	2011	1	23936
Surf Coast (S)	2016	0	1178
Surf Coast (S)	2016	1	26567
Swan Hill (RC)	2006	0	1859
Swan Hill (RC)	2006	1	17688
Swan Hill (RC)	2011	0	2402
Swan Hill (RC)	2011	1	17006
Swan Hill (RC)	2016	0	2373
Swan Hill (RC)	2016	1	15707
Towong (S)	2006	0	101
Towong (S)	2006	1	5717
Towong (S)	2011	0	108
Towong (S)	2011	1	5661
Towong (S)	2016	0	154
Towong (S)	2016	1	5395
Wangaratta (RC)	2006	0	1247
Wangaratta (RC)	2006	1	24304
Wangaratta (RC)	2011	0	1244
Wangaratta (RC)	2011	1	24714
Wangaratta (RC)	2016	0	1309
Wangaratta (RC)	2016	1	24915
Warrnambool (C)	2006	0	622
Warrnambool (C)	2006	1	28551
Warrnambool (C)	2011	0	942
Warrnambool (C)	2011	1	29522
Warrnambool (C)	2016	0	1459
Warrnambool (C)	2016	1	29816
Wellington (S)	2006	0	1100
Wellington (S)	2006	1	36720
Wellington (S)	2011	0	1338
Wellington (S)	2011	1	37562
Wellington (S)	2016	0	1617
Wellington (S)	2016	1	37354
West Wimmera (S)	2006	0	65
West Wimmera (S)	2006	1	4305
West Wimmera (S)	2011	0	84
West Wimmera (S)	2011	1	4048
West Wimmera (S)	2016	0	76
West Wimmera (S)	2016	1	3605
Whitehorse (C)	2006	0	36491
Whitehorse (C)	2006	1	102972
Whitehorse (C)	2011	0	45816
Whitehorse (C)	2011	1	99954
Whitehorse (C)	2016	0	59511
Whitehorse (C)	2016	1	96242
Whittlesea (C)	2006	0	53608
Whittlesea (C)	2006	1	65973
Whittlesea (C)	2011	0	66153
Whittlesea (C)	2011	1	82653
Whittlesea (C)	2016	0	86978
Whittlesea (C)	2016	1	100992
Wodonga (C)	2006	0	1351
Wodonga (C)	2006	1	30750
Wodonga (C)	2011	0	1676
Wodonga (C)	2011	1	32710
Wodonga (C)	2016	0	2367
Wodonga (C)	2016	1	34578
Wyndham (C)	2006	0	23608
Wyndham (C)	2006	1	82667
Wyndham (C)	2011	0	48974
Wyndham (C)	2011	1	104166
Wyndham (C)	2016	0	89171
Wyndham (C)	2016	1	115337
Yarra (C)	2006	0	16160
Yarra (C)	2006	1	46401
Yarra (C)	2011	0	17274
Yarra (C)	2011	1	51367
Yarra (C)	2016	0	19320
Yarra (C)	2016	1	59569
Yarra Ranges (S)	2006	0	7382
Yarra Ranges (S)	2006	1	127222
Yarra Ranges (S)	2011	0	8696
Yarra Ranges (S)	2011	1	130873
Yarra Ranges (S)	2016	0	10708
Yarra Ranges (S)	2016	1	131551
Yarriambiack (S)	2006	0	114
Yarriambiack (S)	2006	1	7085
Yarriambiack (S)	2011	0	162
Yarriambiack (S)	2011	1	6609
Yarriambiack (S)	2016	0	163
Yarriambiack (S)	2016	1	5944
Unincorporated Vic	2006	0	62
Unincorporated Vic	2006	1	581
Unincorporated Vic	2011	0	77
Unincorporated Vic	2011	1	603
Unincorporated Vic	2016	0	108
Unincorporated Vic	2016	1	540
No usual address (Vic.)	2006	0	1058
No usual address (Vic.)	2006	1	4741
No usual address (Vic.)	2011	0	1416
No usual address (Vic.)	2011	1	5206
No usual address (Vic.)	2016	0	1393
No usual address (Vic.)	2016	1	4201
Migratory - Offshore - Shipping (Vic.)	2006	0	8
Migratory - Offshore - Shipping (Vic.)	2006	1	36
Migratory - Offshore - Shipping (Vic.)	2011	0	0
Migratory - Offshore - Shipping (Vic.)	2011	1	36
Migratory - Offshore - Shipping (Vic.)	2016	0	10
Migratory - Offshore - Shipping (Vic.)	2016	1	18
Aurukun (S)	2006	0	879
Aurukun (S)	2006	1	128
Aurukun (S)	2011	0	1182
Aurukun (S)	2011	1	95
Aurukun (S)	2016	0	1112
Aurukun (S)	2016	1	135
Balonne (S)	2006	0	64
Balonne (S)	2006	1	4327
Balonne (S)	2011	0	91
Balonne (S)	2011	1	4388
Balonne (S)	2016	0	131
Balonne (S)	2016	1	3900
Banana (S)	2006	0	327
Banana (S)	2006	1	13640
Banana (S)	2011	0	633
Banana (S)	2011	1	13221
Banana (S)	2016	0	706
Banana (S)	2016	1	12468
Barcaldine (R)	2006	0	30
Barcaldine (R)	2006	1	3073
Barcaldine (R)	2011	0	44
Barcaldine (R)	2011	1	3003
Barcaldine (R)	2016	0	67
Barcaldine (R)	2016	1	2602
Barcoo (S)	2006	0	4
Barcoo (S)	2006	1	350
Barcoo (S)	2011	0	3
Barcoo (S)	2011	1	331
Barcoo (S)	2016	0	0
Barcoo (S)	2016	1	250
Blackall-Tambo (R)	2006	0	9
Blackall-Tambo (R)	2006	1	1961
Blackall-Tambo (R)	2011	0	25
Blackall-Tambo (R)	2011	1	2094
Blackall-Tambo (R)	2016	0	30
Blackall-Tambo (R)	2016	1	1773
Boulia (S)	2006	0	14
Boulia (S)	2006	1	377
Boulia (S)	2011	0	49
Boulia (S)	2011	1	395
Boulia (S)	2016	0	12
Boulia (S)	2016	1	345
Brisbane (C)	2006	0	137060
Brisbane (C)	2006	1	763064
Brisbane (C)	2011	0	192586
Brisbane (C)	2011	1	798700
Brisbane (C)	2016	0	253221
Brisbane (C)	2016	1	812201
Bulloo (S)	2006	0	5
Bulloo (S)	2006	1	350
Bulloo (S)	2011	0	5
Bulloo (S)	2011	1	368
Bulloo (S)	2016	0	8
Bulloo (S)	2016	1	313
Bundaberg (R)	2006	0	2474
Bundaberg (R)	2006	1	76143
Bundaberg (R)	2011	0	3285
Bundaberg (R)	2011	1	82198
Bundaberg (R)	2016	0	4042
Bundaberg (R)	2016	1	82305
Burdekin (S)	2006	0	1194
Burdekin (S)	2006	1	15168
Burdekin (S)	2011	0	1188
Burdekin (S)	2011	1	15357
Burdekin (S)	2016	0	1070
Burdekin (S)	2016	1	14745
Burke (S)	2006	0	11
Burke (S)	2006	1	374
Burke (S)	2011	0	9
Burke (S)	2011	1	403
Burke (S)	2016	0	14
Burke (S)	2016	1	253
Cairns (R)	2006	0	11745
Cairns (R)	2006	1	104803
Cairns (R)	2011	0	16343
Cairns (R)	2011	1	118291
Cairns (R)	2016	0	20854
Cairns (R)	2016	1	121832
Carpentaria (S)	2006	0	37
Carpentaria (S)	2006	1	1654
Carpentaria (S)	2011	0	81
Carpentaria (S)	2011	1	1710
Carpentaria (S)	2016	0	66
Carpentaria (S)	2016	1	1714
Cassowary Coast (R)	2006	0	2120
Cassowary Coast (R)	2006	1	23804
Cassowary Coast (R)	2011	0	2487
Cassowary Coast (R)	2011	1	23835
Cassowary Coast (R)	2016	0	2778
Cassowary Coast (R)	2016	1	23271
Central Highlands (R) (Qld)	2006	0	641
Central Highlands (R) (Qld)	2006	1	24159
Central Highlands (R) (Qld)	2011	0	1181
Central Highlands (R) (Qld)	2011	1	25272
Central Highlands (R) (Qld)	2016	0	1301
Central Highlands (R) (Qld)	2016	1	23277
Charters Towers (R)	2006	0	196
Charters Towers (R)	2006	1	10759
Charters Towers (R)	2011	0	240
Charters Towers (R)	2011	1	11147
Charters Towers (R)	2016	0	277
Charters Towers (R)	2016	1	10420
Cherbourg (S)	2006	0	4
Cherbourg (S)	2006	1	1113
Cherbourg (S)	2011	0	84
Cherbourg (S)	2011	1	1125
Cherbourg (S)	2016	0	49
Cherbourg (S)	2016	1	1171
Cloncurry (S)	2006	0	74
Cloncurry (S)	2006	1	2790
Cloncurry (S)	2011	0	113
Cloncurry (S)	2011	1	2751
Cloncurry (S)	2016	0	122
Cloncurry (S)	2016	1	2471
Cook (S)	2006	0	179
Cook (S)	2006	1	2782
Cook (S)	2011	0	352
Cook (S)	2011	1	3027
Cook (S)	2016	0	378
Cook (S)	2016	1	3148
Croydon (S)	2006	0	3
Croydon (S)	2006	1	228
Croydon (S)	2011	0	4
Croydon (S)	2011	1	278
Croydon (S)	2016	0	4
Croydon (S)	2016	1	213
Diamantina (S)	2006	0	9
Diamantina (S)	2006	1	252
Diamantina (S)	2011	0	5
Diamantina (S)	2011	1	265
Diamantina (S)	2016	0	8
Diamantina (S)	2016	1	239
Doomadgee (S)	2006	0	21
Doomadgee (S)	2006	1	964
Doomadgee (S)	2011	0	39
Doomadgee (S)	2011	1	1232
Doomadgee (S)	2016	0	76
Doomadgee (S)	2016	1	1295
Douglas (S)	2006	0	772
Douglas (S)	2006	1	8584
Douglas (S)	2011	0	729
Douglas (S)	2011	1	9112
Douglas (S)	2016	0	862
Douglas (S)	2016	1	9280
Etheridge (S)	2006	0	9
Etheridge (S)	2006	1	786
Etheridge (S)	2011	0	12
Etheridge (S)	2011	1	842
Etheridge (S)	2016	0	11
Etheridge (S)	2016	1	702
Flinders (S) (Qld)	2006	0	14
Flinders (S) (Qld)	2006	1	1700
Flinders (S) (Qld)	2011	0	33
Flinders (S) (Qld)	2011	1	1633
Flinders (S) (Qld)	2016	0	17
Flinders (S) (Qld)	2016	1	1397
Fraser Coast (R)	2006	0	2286
Fraser Coast (R)	2006	1	78222
Fraser Coast (R)	2011	0	2970
Fraser Coast (R)	2011	1	87654
Fraser Coast (R)	2016	0	3367
Fraser Coast (R)	2016	1	90068
Gladstone (R)	2006	0	1374
Gladstone (R)	2006	1	46615
Gladstone (R)	2011	0	2363
Gladstone (R)	2011	1	51578
Gladstone (R)	2016	0	3846
Gladstone (R)	2016	1	53274
Gold Coast (C)	2006	0	37595
Gold Coast (C)	2006	1	363334
Gold Coast (C)	2011	0	50640
Gold Coast (C)	2011	1	412649
Gold Coast (C)	2016	0	68148
Gold Coast (C)	2016	1	446894
Goondiwindi (R)	2006	0	158
Goondiwindi (R)	2006	1	9288
Goondiwindi (R)	2011	0	248
Goondiwindi (R)	2011	1	9686
Goondiwindi (R)	2016	0	345
Goondiwindi (R)	2016	1	9236
Gympie (R)	2006	0	848
Gympie (R)	2006	1	39388
Gympie (R)	2011	0	1105
Gympie (R)	2011	1	42221
Gympie (R)	2016	0	1256
Gympie (R)	2016	1	44326
Hinchinbrook (S)	2006	0	1237
Hinchinbrook (S)	2006	1	10039
Hinchinbrook (S)	2011	0	1086
Hinchinbrook (S)	2011	1	10059
Hinchinbrook (S)	2016	0	787
Hinchinbrook (S)	2016	1	9289
Hope Vale (S)	2006	0	597
Hope Vale (S)	2006	1	145
Hope Vale (S)	2011	0	853
Hope Vale (S)	2011	1	88
Hope Vale (S)	2016	0	695
Hope Vale (S)	2016	1	141
Ipswich (C)	2006	0	9208
Ipswich (C)	2006	1	122309
Ipswich (C)	2011	0	15499
Ipswich (C)	2011	1	143097
Ipswich (C)	2016	0	22518
Ipswich (C)	2016	1	158562
Isaac (R)	2006	0	444
Isaac (R)	2006	1	17408
Isaac (R)	2011	0	820
Isaac (R)	2011	1	19626
Isaac (R)	2016	0	921
Isaac (R)	2016	1	17007
Kowanyama (S)	2006	0	175
Kowanyama (S)	2006	1	833
Kowanyama (S)	2011	0	108
Kowanyama (S)	2011	1	925
Kowanyama (S)	2016	0	56
Kowanyama (S)	2016	1	865
Livingstone (S)	2006	0	601
Livingstone (S)	2006	1	26212
Livingstone (S)	2011	0	754
Livingstone (S)	2011	1	29472
Livingstone (S)	2016	0	926
Livingstone (S)	2016	1	31929
Lockhart River (S)	2006	0	268
Lockhart River (S)	2006	1	248
Lockhart River (S)	2011	0	370
Lockhart River (S)	2011	1	104
Lockhart River (S)	2016	0	269
Lockhart River (S)	2016	1	354
Lockyer Valley (R)	2006	0	940
Lockyer Valley (R)	2006	1	27586
Lockyer Valley (R)	2011	0	1719
Lockyer Valley (R)	2011	1	31119
Lockyer Valley (R)	2016	0	2369
Lockyer Valley (R)	2016	1	32920
Logan (C)	2006	0	25504
Logan (C)	2006	1	211442
Logan (C)	2011	0	35543
Logan (C)	2011	1	228531
Logan (C)	2016	0	48370
Logan (C)	2016	1	236052
Longreach (R)	2006	0	61
Longreach (R)	2006	1	3742
Longreach (R)	2011	0	66
Longreach (R)	2011	1	3923
Longreach (R)	2016	0	89
Longreach (R)	2016	1	3244
Mackay (R)	2006	0	2851
Mackay (R)	2006	1	90862
Mackay (R)	2011	0	5133
Mackay (R)	2011	1	101034
Mackay (R)	2016	0	6310
Mackay (R)	2016	1	99620
McKinlay (S)	2006	0	8
McKinlay (S)	2006	1	803
McKinlay (S)	2011	0	21
McKinlay (S)	2011	1	917
McKinlay (S)	2016	0	17
McKinlay (S)	2016	1	717
Mapoon (S)	2006	0	13
Mapoon (S)	2006	1	224
Mapoon (S)	2011	0	46
Mapoon (S)	2011	1	217
Mapoon (S)	2016	0	29
Mapoon (S)	2016	1	270
Maranoa (R)	2006	0	118
Maranoa (R)	2006	1	11734
Maranoa (R)	2011	0	372
Maranoa (R)	2011	1	11619
Maranoa (R)	2016	0	480
Maranoa (R)	2016	1	10959
Mareeba (S)	2006	0	1927
Mareeba (S)	2006	1	14426
Mareeba (S)	2011	0	2101
Mareeba (S)	2011	1	16202
Mareeba (S)	2016	0	2183
Mareeba (S)	2016	1	16333
Moreton Bay (R)	2006	0	13403
Moreton Bay (R)	2006	1	297033
Moreton Bay (R)	2011	0	20390
Moreton Bay (R)	2011	1	341345
Moreton Bay (R)	2016	0	29288
Moreton Bay (R)	2016	1	371380
Mornington (S)	2006	0	64
Mornington (S)	2006	1	935
Mornington (S)	2011	0	109
Mornington (S)	2011	1	1001
Mornington (S)	2016	0	141
Mornington (S)	2016	1	915
Mount Isa (C)	2006	0	960
Mount Isa (C)	2006	1	16166
Mount Isa (C)	2011	0	1555
Mount Isa (C)	2011	1	16712
Mount Isa (C)	2016	0	1602
Mount Isa (C)	2016	1	14855
Murweh (S)	2006	0	101
Murweh (S)	2006	1	4211
Murweh (S)	2011	0	196
Murweh (S)	2011	1	4132
Murweh (S)	2016	0	185
Murweh (S)	2016	1	3831
Napranum (S)	2006	0	102
Napranum (S)	2006	1	686
Napranum (S)	2011	0	677
Napranum (S)	2011	1	173
Napranum (S)	2016	0	324
Napranum (S)	2016	1	608
Noosa (S)	2006	0	1723
Noosa (S)	2006	1	41848
Noosa (S)	2011	0	2169
Noosa (S)	2011	1	44466
Noosa (S)	2016	0	2646
Noosa (S)	2016	1	46145
North Burnett (R)	2006	0	194
North Burnett (R)	2006	1	9536
North Burnett (R)	2011	0	314
North Burnett (R)	2011	1	9183
North Burnett (R)	2016	0	499
North Burnett (R)	2016	1	8803
Northern Peninsula Area (R)	2006	0	1516
Northern Peninsula Area (R)	2006	1	309
Northern Peninsula Area (R)	2011	0	1755
Northern Peninsula Area (R)	2011	1	409
Northern Peninsula Area (R)	2016	0	2237
Northern Peninsula Area (R)	2016	1	400
Palm Island (S)	2006	0	25
Palm Island (S)	2006	1	1885
Palm Island (S)	2011	0	70
Palm Island (S)	2011	1	2215
Palm Island (S)	2016	0	142
Palm Island (S)	2016	1	2238
Paroo (S)	2006	0	15
Paroo (S)	2006	1	1817
Paroo (S)	2011	0	36
Paroo (S)	2011	1	1732
Paroo (S)	2016	0	19
Paroo (S)	2016	1	1503
Pormpuraaw (S)	2006	0	338
Pormpuraaw (S)	2006	1	238
Pormpuraaw (S)	2011	0	450
Pormpuraaw (S)	2011	1	183
Pormpuraaw (S)	2016	0	452
Pormpuraaw (S)	2016	1	268
Quilpie (S)	2006	0	15
Quilpie (S)	2006	1	908
Quilpie (S)	2011	0	22
Quilpie (S)	2011	1	916
Quilpie (S)	2016	0	9
Quilpie (S)	2016	1	764
Redland (C)	2006	0	6516
Redland (C)	2006	1	116021
Redland (C)	2011	0	7948
Redland (C)	2011	1	126217
Redland (C)	2016	0	9772
Redland (C)	2016	1	130749
Richmond (S)	2006	0	0
Richmond (S)	2006	1	825
Richmond (S)	2011	0	22
Richmond (S)	2011	1	757
Richmond (S)	2016	0	18
Richmond (S)	2016	1	710
Rockhampton (R)	2006	0	1896
Rockhampton (R)	2006	1	65599
Rockhampton (R)	2011	0	3558
Rockhampton (R)	2011	1	67884
Rockhampton (R)	2016	0	4624
Rockhampton (R)	2016	1	69520
Scenic Rim (R)	2006	0	881
Scenic Rim (R)	2006	1	30429
Scenic Rim (R)	2011	0	1135
Scenic Rim (R)	2011	1	33903
Scenic Rim (R)	2016	0	1282
Scenic Rim (R)	2016	1	35640
Somerset (R)	2006	0	478
Somerset (R)	2006	1	17150
Somerset (R)	2011	0	733
Somerset (R)	2011	1	20010
Somerset (R)	2016	0	1012
Somerset (R)	2016	1	21618
South Burnett (R)	2006	0	534
South Burnett (R)	2006	1	26998
South Burnett (R)	2011	0	663
South Burnett (R)	2011	1	29035
South Burnett (R)	2016	0	792
South Burnett (R)	2016	1	28966
Southern Downs (R)	2006	0	1243
Southern Downs (R)	2006	1	29211
Southern Downs (R)	2011	0	1452
Southern Downs (R)	2011	1	31139
Southern Downs (R)	2016	0	1536
Southern Downs (R)	2016	1	31421
Sunshine Coast (R)	2006	0	7732
Sunshine Coast (R)	2006	1	210919
Sunshine Coast (R)	2011	0	10421
Sunshine Coast (R)	2011	1	236865
Sunshine Coast (R)	2016	0	14832
Sunshine Coast (R)	2016	1	262574
Tablelands (R)	2006	0	929
Tablelands (R)	2006	1	20401
Tablelands (R)	2011	0	1054
Tablelands (R)	2011	1	21410
Tablelands (R)	2016	0	1064
Tablelands (R)	2016	1	21661
Toowoomba (R)	2006	0	4881
Toowoomba (R)	2006	1	131399
Toowoomba (R)	2011	0	6979
Toowoomba (R)	2011	1	137403
Toowoomba (R)	2016	0	10471
Toowoomba (R)	2016	1	139538
Torres (S)	2006	0	1576
Torres (S)	2006	1	1339
Torres (S)	2011	0	1286
Torres (S)	2011	1	1568
Torres (S)	2016	0	1689
Torres (S)	2016	1	1335
Torres Strait Island (R)	2006	0	3786
Torres Strait Island (R)	2006	1	451
Torres Strait Island (R)	2011	0	3665
Torres Strait Island (R)	2011	1	338
Torres Strait Island (R)	2016	0	3901
Torres Strait Island (R)	2016	1	243
Townsville (C)	2006	0	7191
Townsville (C)	2006	1	138224
Townsville (C)	2011	0	10470
Townsville (C)	2011	1	152608
Townsville (C)	2016	0	13417
Townsville (C)	2016	1	159081
Weipa (T)	2006	0	178
Weipa (T)	2006	1	2410
Weipa (T)	2011	0	290
Weipa (T)	2011	1	2679
Weipa (T)	2016	0	331
Weipa (T)	2016	1	3173
Western Downs (R)	2006	0	368
Western Downs (R)	2006	1	26516
Western Downs (R)	2011	0	731
Western Downs (R)	2011	1	28704
Western Downs (R)	2016	0	1181
Western Downs (R)	2016	1	28657
Whitsunday (R)	2006	0	1122
Whitsunday (R)	2006	1	25101
Whitsunday (R)	2011	0	1433
Whitsunday (R)	2011	1	26787
Whitsunday (R)	2016	0	2127
Whitsunday (R)	2016	1	27373
Winton (S)	2006	0	20
Winton (S)	2006	1	1222
Winton (S)	2011	0	23
Winton (S)	2011	1	1251
Winton (S)	2016	0	19
Winton (S)	2016	1	1004
Woorabinda (S)	2006	0	11
Woorabinda (S)	2006	1	787
Woorabinda (S)	2011	0	19
Woorabinda (S)	2011	1	913
Woorabinda (S)	2016	0	90
Woorabinda (S)	2016	1	817
Wujal Wujal (S)	2006	0	220
Wujal Wujal (S)	2006	1	102
Wujal Wujal (S)	2011	0	122
Wujal Wujal (S)	2011	1	147
Wujal Wujal (S)	2016	0	186
Wujal Wujal (S)	2016	1	88
Yarrabah (S)	2006	0	73
Yarrabah (S)	2006	1	2263
Yarrabah (S)	2011	0	413
Yarrabah (S)	2011	1	1967
Yarrabah (S)	2016	0	303
Yarrabah (S)	2016	1	2165
No usual address (Qld)	2006	0	859
No usual address (Qld)	2006	1	10476
No usual address (Qld)	2011	0	1019
No usual address (Qld)	2011	1	9760
No usual address (Qld)	2016	0	1293
No usual address (Qld)	2016	1	8697
Migratory - Offshore - Shipping (Qld)	2006	0	15
Migratory - Offshore - Shipping (Qld)	2006	1	76
Migratory - Offshore - Shipping (Qld)	2011	0	40
Migratory - Offshore - Shipping (Qld)	2011	1	359
Migratory - Offshore - Shipping (Qld)	2016	0	21
Migratory - Offshore - Shipping (Qld)	2016	1	110
Adelaide (C)	2006	0	3971
Adelaide (C)	2006	1	10341
Adelaide (C)	2011	0	6203
Adelaide (C)	2011	1	11399
Adelaide (C)	2016	0	8011
Adelaide (C)	2016	1	11637
Adelaide Hills (DC)	2006	0	1769
Adelaide Hills (DC)	2006	1	34738
Adelaide Hills (DC)	2011	0	2067
Adelaide Hills (DC)	2011	1	35321
Adelaide Hills (DC)	2016	0	2171
Adelaide Hills (DC)	2016	1	34930
Alexandrina (DC)	2006	0	517
Alexandrina (DC)	2006	1	18838
Alexandrina (DC)	2011	0	672
Alexandrina (DC)	2011	1	22337
Alexandrina (DC)	2016	0	660
Alexandrina (DC)	2016	1	23629
Anangu Pitjantjatjara (AC)	2006	0	1710
Anangu Pitjantjatjara (AC)	2006	1	420
Anangu Pitjantjatjara (AC)	2011	0	2004
Anangu Pitjantjatjara (AC)	2011	1	346
Anangu Pitjantjatjara (AC)	2016	0	1718
Anangu Pitjantjatjara (AC)	2016	1	292
Barossa (DC)	2006	0	472
Barossa (DC)	2006	1	19506
Barossa (DC)	2011	0	515
Barossa (DC)	2011	1	21046
Barossa (DC)	2016	0	540
Barossa (DC)	2016	1	21788
Barunga West (DC)	2006	0	30
Barunga West (DC)	2006	1	2387
Barunga West (DC)	2011	0	22
Barunga West (DC)	2011	1	2353
Barunga West (DC)	2016	0	18
Barunga West (DC)	2016	1	2337
Berri and Barmera (DC)	2006	0	1003
Berri and Barmera (DC)	2006	1	9438
Berri and Barmera (DC)	2011	0	1030
Berri and Barmera (DC)	2011	1	9075
Berri and Barmera (DC)	2016	0	960
Berri and Barmera (DC)	2016	1	8858
Burnside (C)	2006	0	6688
Burnside (C)	2006	1	33425
Burnside (C)	2011	0	8037
Burnside (C)	2011	1	32548
Burnside (C)	2016	0	10604
Burnside (C)	2016	1	31629
Campbelltown (C) (SA)	2006	0	13883
Campbelltown (C) (SA)	2006	1	30525
Campbelltown (C) (SA)	2011	0	15898
Campbelltown (C) (SA)	2011	1	30813
Campbelltown (C) (SA)	2016	0	17358
Campbelltown (C) (SA)	2016	1	31131
Ceduna (DC)	2006	0	171
Ceduna (DC)	2006	1	3133
Ceduna (DC)	2011	0	227
Ceduna (DC)	2011	1	3101
Ceduna (DC)	2016	0	231
Ceduna (DC)	2016	1	2723
Charles Sturt (C)	2006	0	25354
Charles Sturt (C)	2006	1	70727
Charles Sturt (C)	2011	0	28294
Charles Sturt (C)	2011	1	72700
Charles Sturt (C)	2016	0	30471
Charles Sturt (C)	2016	1	75979
Clare and Gilbert Valleys (DC)	2006	0	109
Clare and Gilbert Valleys (DC)	2006	1	7726
Clare and Gilbert Valleys (DC)	2011	0	157
Clare and Gilbert Valleys (DC)	2011	1	8340
Clare and Gilbert Valleys (DC)	2016	0	197
Clare and Gilbert Valleys (DC)	2016	1	8273
Cleve (DC)	2006	0	19
Cleve (DC)	2006	1	1950
Cleve (DC)	2011	0	23
Cleve (DC)	2011	1	1739
Cleve (DC)	2016	0	20
Cleve (DC)	2016	1	1634
Coober Pedy (DC)	2006	0	457
Coober Pedy (DC)	2006	1	1117
Coober Pedy (DC)	2011	0	408
Coober Pedy (DC)	2011	1	1111
Coober Pedy (DC)	2016	0	431
Coober Pedy (DC)	2016	1	1059
Copper Coast (DC)	2006	0	152
Copper Coast (DC)	2006	1	10872
Copper Coast (DC)	2011	0	247
Copper Coast (DC)	2011	1	12351
Copper Coast (DC)	2016	0	300
Copper Coast (DC)	2016	1	12742
Elliston (DC)	2006	0	7
Elliston (DC)	2006	1	1082
Elliston (DC)	2011	0	10
Elliston (DC)	2011	1	1018
Elliston (DC)	2016	0	7
Elliston (DC)	2016	1	986
Flinders Ranges (DC)	2006	0	41
Flinders Ranges (DC)	2006	1	1542
Flinders Ranges (DC)	2011	0	67
Flinders Ranges (DC)	2011	1	1559
Flinders Ranges (DC)	2016	0	59
Flinders Ranges (DC)	2016	1	1458
Franklin Harbour (DC)	2006	0	8
Franklin Harbour (DC)	2006	1	1111
Franklin Harbour (DC)	2011	0	14
Franklin Harbour (DC)	2011	1	1107
Franklin Harbour (DC)	2016	0	10
Franklin Harbour (DC)	2016	1	1152
Gawler (T)	2006	0	653
Gawler (T)	2006	1	17560
Gawler (T)	2011	0	829
Gawler (T)	2011	1	18932
Gawler (T)	2016	0	993
Gawler (T)	2016	1	20809
Goyder (DC)	2006	0	70
Goyder (DC)	2006	1	3963
Goyder (DC)	2011	0	84
Goyder (DC)	2011	1	3934
Goyder (DC)	2016	0	81
Goyder (DC)	2016	1	3775
Grant (DC)	2006	0	114
Grant (DC)	2006	1	6830
Grant (DC)	2011	0	164
Grant (DC)	2011	1	7310
Grant (DC)	2016	0	158
Grant (DC)	2016	1	7118
Holdfast Bay (C)	2006	0	2436
Holdfast Bay (C)	2006	1	29363
Holdfast Bay (C)	2011	0	3177
Holdfast Bay (C)	2011	1	29782
Holdfast Bay (C)	2016	0	3423
Holdfast Bay (C)	2016	1	29888
Kangaroo Island (DC)	2006	0	98
Kangaroo Island (DC)	2006	1	3928
Kangaroo Island (DC)	2011	0	146
Kangaroo Island (DC)	2011	1	4076
Kangaroo Island (DC)	2016	0	160
Kangaroo Island (DC)	2016	1	4113
Karoonda East Murray (DC)	2006	0	17
Karoonda East Murray (DC)	2006	1	1111
Karoonda East Murray (DC)	2011	0	25
Karoonda East Murray (DC)	2011	1	958
Karoonda East Murray (DC)	2016	0	20
Karoonda East Murray (DC)	2016	1	1003
Kimba (DC)	2006	0	7
Kimba (DC)	2006	1	1082
Kimba (DC)	2011	0	8
Kimba (DC)	2011	1	1040
Kimba (DC)	2016	0	20
Kimba (DC)	2016	1	979
Kingston (DC) (SA)	2006	0	27
Kingston (DC) (SA)	2006	1	2231
Kingston (DC) (SA)	2011	0	27
Kingston (DC) (SA)	2011	1	2177
Kingston (DC) (SA)	2016	0	26
Kingston (DC) (SA)	2016	1	2159
Light (RegC)	2006	0	248
Light (RegC)	2006	1	11706
Light (RegC)	2011	0	345
Light (RegC)	2011	1	13069
Light (RegC)	2016	0	353
Light (RegC)	2016	1	13715
Lower Eyre Peninsula (DC)	2006	0	55
Lower Eyre Peninsula (DC)	2006	1	4105
Lower Eyre Peninsula (DC)	2011	0	71
Lower Eyre Peninsula (DC)	2011	1	4619
Lower Eyre Peninsula (DC)	2016	0	75
Lower Eyre Peninsula (DC)	2016	1	4868
Loxton Waikerie (DC)	2006	0	495
Loxton Waikerie (DC)	2006	1	10771
Loxton Waikerie (DC)	2011	0	545
Loxton Waikerie (DC)	2011	1	10383
Loxton Waikerie (DC)	2016	0	497
Loxton Waikerie (DC)	2016	1	10272
Mallala (DC)	2006	0	352
Mallala (DC)	2006	1	7128
Mallala (DC)	2011	0	424
Mallala (DC)	2011	1	7609
Mallala (DC)	2016	0	398
Mallala (DC)	2016	1	7826
Maralinga Tjarutja (AC)	2006	0	55
Maralinga Tjarutja (AC)	2006	1	33
Maralinga Tjarutja (AC)	2011	0	54
Maralinga Tjarutja (AC)	2011	1	15
Maralinga Tjarutja (AC)	2016	0	7
Maralinga Tjarutja (AC)	2016	1	12
Marion (C)	2006	0	9532
Marion (C)	2006	1	66399
Marion (C)	2011	0	12575
Marion (C)	2011	1	67638
Marion (C)	2016	0	16684
Marion (C)	2016	1	68154
Mid Murray (DC)	2006	0	151
Mid Murray (DC)	2006	1	7404
Mid Murray (DC)	2011	0	196
Mid Murray (DC)	2011	1	7329
Mid Murray (DC)	2016	0	205
Mid Murray (DC)	2016	1	7618
Mitcham (C)	2006	0	7251
Mitcham (C)	2006	1	52736
Mitcham (C)	2011	0	8413
Mitcham (C)	2011	1	52834
Mitcham (C)	2016	0	9542
Mitcham (C)	2016	1	52904
Mount Barker (DC)	2006	0	894
Mount Barker (DC)	2006	1	24630
Mount Barker (DC)	2011	0	1149
Mount Barker (DC)	2011	1	27895
Mount Barker (DC)	2016	0	1359
Mount Barker (DC)	2016	1	30357
Mount Gambier (C)	2006	0	1013
Mount Gambier (C)	2006	1	22107
Mount Gambier (C)	2011	0	1283
Mount Gambier (C)	2011	1	23275
Mount Gambier (C)	2016	0	1589
Mount Gambier (C)	2016	1	23266
Mount Remarkable (DC)	2006	0	53
Mount Remarkable (DC)	2006	1	2643
Mount Remarkable (DC)	2011	0	76
Mount Remarkable (DC)	2011	1	2681
Mount Remarkable (DC)	2016	0	58
Mount Remarkable (DC)	2016	1	2614
Murray Bridge (RC)	2006	0	916
Murray Bridge (RC)	2006	1	15877
Murray Bridge (RC)	2011	0	1417
Murray Bridge (RC)	2011	1	17027
Murray Bridge (RC)	2016	0	2096
Murray Bridge (RC)	2016	1	17158
Naracoorte and Lucindale (DC)	2006	0	204
Naracoorte and Lucindale (DC)	2006	1	7646
Naracoorte and Lucindale (DC)	2011	0	455
Naracoorte and Lucindale (DC)	2011	1	7374
Naracoorte and Lucindale (DC)	2016	0	791
Naracoorte and Lucindale (DC)	2016	1	7103
Northern Areas (DC)	2006	0	40
Northern Areas (DC)	2006	1	4440
Northern Areas (DC)	2011	0	59
Northern Areas (DC)	2011	1	4324
Northern Areas (DC)	2016	0	52
Northern Areas (DC)	2016	1	4210
Norwood Payneham St Peters (C)	2006	0	7278
Norwood Payneham St Peters (C)	2006	1	24729
Norwood Payneham St Peters (C)	2011	0	8682
Norwood Payneham St Peters (C)	2011	1	24724
Norwood Payneham St Peters (C)	2016	0	9375
Norwood Payneham St Peters (C)	2016	1	24346
Onkaparinga (C)	2006	0	8168
Onkaparinga (C)	2006	1	136699
Onkaparinga (C)	2011	0	9649
Onkaparinga (C)	2011	1	144758
Onkaparinga (C)	2016	0	11131
Onkaparinga (C)	2016	1	147295
Orroroo/Carrieton (DC)	2006	0	12
Orroroo/Carrieton (DC)	2006	1	905
Orroroo/Carrieton (DC)	2011	0	14
Orroroo/Carrieton (DC)	2011	1	841
Orroroo/Carrieton (DC)	2016	0	11
Orroroo/Carrieton (DC)	2016	1	809
Peterborough (DC)	2006	0	46
Peterborough (DC)	2006	1	1727
Peterborough (DC)	2011	0	22
Peterborough (DC)	2011	1	1618
Peterborough (DC)	2016	0	22
Peterborough (DC)	2016	1	1528
Playford (C)	2006	0	4804
Playford (C)	2006	1	61529
Playford (C)	2011	0	7438
Playford (C)	2011	1	68081
Playford (C)	2016	0	11131
Playford (C)	2016	1	72276
Port Adelaide Enfield (C)	2006	0	23452
Port Adelaide Enfield (C)	2006	1	73035
Port Adelaide Enfield (C)	2011	0	31641
Port Adelaide Enfield (C)	2011	1	75284
Port Adelaide Enfield (C)	2016	0	39171
Port Adelaide Enfield (C)	2016	1	74953
Port Augusta (C)	2006	0	504
Port Augusta (C)	2006	1	12112
Port Augusta (C)	2011	0	583
Port Augusta (C)	2011	1	11846
Port Augusta (C)	2016	0	605
Port Augusta (C)	2016	1	11479
Port Lincoln (C)	2006	0	422
Port Lincoln (C)	2006	1	12418
Port Lincoln (C)	2011	0	471
Port Lincoln (C)	2011	1	13072
Port Lincoln (C)	2016	0	514
Port Lincoln (C)	2016	1	12475
Port Pirie City and Dists (M)	2006	0	652
Port Pirie City and Dists (M)	2006	1	15867
Port Pirie City and Dists (M)	2011	0	708
Port Pirie City and Dists (M)	2011	1	16061
Port Pirie City and Dists (M)	2016	0	737
Port Pirie City and Dists (M)	2016	1	15561
Prospect (C)	2006	0	3962
Prospect (C)	2006	1	14459
Prospect (C)	2011	0	5043
Prospect (C)	2011	1	14238
Prospect (C)	2016	0	5367
Prospect (C)	2016	1	14245
Renmark Paringa (DC)	2006	0	1224
Renmark Paringa (DC)	2006	1	7717
Renmark Paringa (DC)	2011	0	1325
Renmark Paringa (DC)	2011	1	7419
Renmark Paringa (DC)	2016	0	1287
Renmark Paringa (DC)	2016	1	7509
Robe (DC)	2006	0	10
Robe (DC)	2006	1	1230
Robe (DC)	2011	0	19
Robe (DC)	2011	1	1303
Robe (DC)	2016	0	31
Robe (DC)	2016	1	1233
Roxby Downs (M)	2006	0	189
Roxby Downs (M)	2006	1	3621
Roxby Downs (M)	2011	0	353
Roxby Downs (M)	2011	1	3882
Roxby Downs (M)	2016	0	298
Roxby Downs (M)	2016	1	3252
Salisbury (C)	2006	0	21242
Salisbury (C)	2006	1	91880
Salisbury (C)	2011	0	28335
Salisbury (C)	2011	1	95125
Salisbury (C)	2016	0	38707
Salisbury (C)	2016	1	92667
Southern Mallee (DC)	2006	0	46
Southern Mallee (DC)	2006	1	2054
Southern Mallee (DC)	2011	0	70
Southern Mallee (DC)	2011	1	1966
Southern Mallee (DC)	2016	0	101
Southern Mallee (DC)	2016	1	1764
Streaky Bay (DC)	2006	0	14
Streaky Bay (DC)	2006	1	1915
Streaky Bay (DC)	2011	0	37
Streaky Bay (DC)	2011	1	1944
Streaky Bay (DC)	2016	0	30
Streaky Bay (DC)	2016	1	1900
Tatiara (DC)	2006	0	178
Tatiara (DC)	2006	1	6444
Tatiara (DC)	2011	0	364
Tatiara (DC)	2011	1	6076
Tatiara (DC)	2016	0	396
Tatiara (DC)	2016	1	5679
Tea Tree Gully (C)	2006	0	8683
Tea Tree Gully (C)	2006	1	84708
Tea Tree Gully (C)	2011	0	10404
Tea Tree Gully (C)	2011	1	82584
Tea Tree Gully (C)	2016	0	12352
Tea Tree Gully (C)	2016	1	81943
The Coorong (DC)	2006	0	150
The Coorong (DC)	2006	1	5277
The Coorong (DC)	2011	0	175
The Coorong (DC)	2011	1	5000
The Coorong (DC)	2016	0	211
The Coorong (DC)	2016	1	4826
Tumby Bay (DC)	2006	0	21
Tumby Bay (DC)	2006	1	2433
Tumby Bay (DC)	2011	0	37
Tumby Bay (DC)	2011	1	2516
Tumby Bay (DC)	2016	0	27
Tumby Bay (DC)	2016	1	2450
Unley (C)	2006	0	5544
Unley (C)	2006	1	28814
Unley (C)	2011	0	6415
Unley (C)	2011	1	28843
Unley (C)	2016	0	7309
Unley (C)	2016	1	28689
Victor Harbor (C)	2006	0	287
Victor Harbor (C)	2006	1	11138
Victor Harbor (C)	2011	0	403
Victor Harbor (C)	2011	1	12654
Victor Harbor (C)	2016	0	468
Victor Harbor (C)	2016	1	13386
Wakefield (DC)	2006	0	68
Wakefield (DC)	2006	1	5990
Wakefield (DC)	2011	0	175
Wakefield (DC)	2011	1	6218
Wakefield (DC)	2016	0	257
Wakefield (DC)	2016	1	6139
Walkerville (M)	2006	0	898
Walkerville (M)	2006	1	5686
Walkerville (M)	2011	0	1260
Walkerville (M)	2011	1	5415
Walkerville (M)	2016	0	1632
Walkerville (M)	2016	1	5547
Wattle Range (DC)	2006	0	290
Wattle Range (DC)	2006	1	11165
Wattle Range (DC)	2011	0	268
Wattle Range (DC)	2011	1	11039
Wattle Range (DC)	2016	0	303
Wattle Range (DC)	2016	1	10621
West Torrens (C)	2006	0	13329
West Torrens (C)	2006	1	36547
West Torrens (C)	2011	0	16000
West Torrens (C)	2011	1	36733
West Torrens (C)	2016	0	17840
West Torrens (C)	2016	1	37240
Whyalla (C)	2006	0	1080
Whyalla (C)	2006	1	19274
Whyalla (C)	2011	0	1317
Whyalla (C)	2011	1	19598
Whyalla (C)	2016	0	1346
Whyalla (C)	2016	1	18963
Wudinna (DC)	2006	0	13
Wudinna (DC)	2006	1	1272
Wudinna (DC)	2011	0	21
Wudinna (DC)	2011	1	1200
Wudinna (DC)	2016	0	17
Wudinna (DC)	2016	1	1146
Yankalilla (DC)	2006	0	120
Yankalilla (DC)	2006	1	3741
Yankalilla (DC)	2011	0	69
Yankalilla (DC)	2011	1	4198
Yankalilla (DC)	2016	0	132
Yankalilla (DC)	2016	1	4691
Yorke Peninsula (DC)	2006	0	152
Yorke Peninsula (DC)	2006	1	10652
Yorke Peninsula (DC)	2011	0	163
Yorke Peninsula (DC)	2011	1	10571
Yorke Peninsula (DC)	2016	0	174
Yorke Peninsula (DC)	2016	1	10276
Unincorporated SA	2006	0	314
Unincorporated SA	2006	1	3095
Unincorporated SA	2011	0	342
Unincorporated SA	2011	1	3460
Unincorporated SA	2016	0	402
Unincorporated SA	2016	1	2537
No usual address (SA)	2006	0	312
No usual address (SA)	2006	1	2075
No usual address (SA)	2011	0	336
No usual address (SA)	2011	1	2231
No usual address (SA)	2016	0	347
No usual address (SA)	2016	1	1933
Migratory - Offshore - Shipping (SA)	2006	0	4
Migratory - Offshore - Shipping (SA)	2006	1	8
Migratory - Offshore - Shipping (SA)	2011	0	3
Migratory - Offshore - Shipping (SA)	2011	1	7
Migratory - Offshore - Shipping (SA)	2016	0	4
Migratory - Offshore - Shipping (SA)	2016	1	0
Albany (C)	2006	0	1149
Albany (C)	2006	1	28892
Albany (C)	2011	0	1761
Albany (C)	2011	1	30379
Albany (C)	2016	0	2191
Albany (C)	2016	1	31789
Armadale (C)	2006	0	2906
Armadale (C)	2006	1	44713
Armadale (C)	2011	0	6017
Armadale (C)	2011	1	52781
Armadale (C)	2016	0	14919
Armadale (C)	2016	1	59756
Ashburton (S)	2006	0	394
Ashburton (S)	2006	1	5054
Ashburton (S)	2011	0	706
Ashburton (S)	2011	1	7850
Ashburton (S)	2016	0	1490
Ashburton (S)	2016	1	9395
Augusta-Margaret River (S)	2006	0	308
Augusta-Margaret River (S)	2006	1	9400
Augusta-Margaret River (S)	2011	0	628
Augusta-Margaret River (S)	2011	1	10288
Augusta-Margaret River (S)	2016	0	955
Augusta-Margaret River (S)	2016	1	12146
Bassendean (T)	2006	0	1598
Bassendean (T)	2006	1	11291
Bassendean (T)	2011	0	1877
Bassendean (T)	2011	1	11857
Bassendean (T)	2016	0	2278
Bassendean (T)	2016	1	11956
Bayswater (C)	2006	0	12223
Bayswater (C)	2006	1	40350
Bayswater (C)	2011	0	16076
Bayswater (C)	2011	1	41979
Bayswater (C)	2016	0	18357
Bayswater (C)	2016	1	42335
Belmont (C)	2006	0	4535
Belmont (C)	2006	1	23335
Belmont (C)	2011	0	8379
Belmont (C)	2011	1	24170
Belmont (C)	2016	0	11721
Belmont (C)	2016	1	23908
Beverley (S)	2006	0	34
Beverley (S)	2006	1	1453
Beverley (S)	2011	0	48
Beverley (S)	2011	1	1443
Beverley (S)	2016	0	80
Beverley (S)	2016	1	1468
Boddington (S)	2006	0	20
Boddington (S)	2006	1	1283
Boddington (S)	2011	0	109
Boddington (S)	2011	1	1752
Boddington (S)	2016	0	99
Boddington (S)	2016	1	1596
Boyup Brook (S)	2006	0	27
Boyup Brook (S)	2006	1	1413
Boyup Brook (S)	2011	0	58
Boyup Brook (S)	2011	1	1495
Boyup Brook (S)	2016	0	43
Boyup Brook (S)	2016	1	1532
Bridgetown-Greenbushes (S)	2006	0	94
Bridgetown-Greenbushes (S)	2006	1	3713
Bridgetown-Greenbushes (S)	2011	0	139
Bridgetown-Greenbushes (S)	2011	1	4085
Bridgetown-Greenbushes (S)	2016	0	148
Bridgetown-Greenbushes (S)	2016	1	4151
Brookton (S)	2006	0	22
Brookton (S)	2006	1	916
Brookton (S)	2011	0	14
Brookton (S)	2011	1	863
Brookton (S)	2016	0	30
Brookton (S)	2016	1	829
Broome (S)	2006	0	616
Broome (S)	2006	1	10368
Broome (S)	2011	0	1399
Broome (S)	2011	1	12016
Broome (S)	2016	0	1876
Broome (S)	2016	1	12309
Broomehill-Tambellup (S)	2006	0	24
Broomehill-Tambellup (S)	2006	1	984
Broomehill-Tambellup (S)	2011	0	44
Broomehill-Tambellup (S)	2011	1	1053
Broomehill-Tambellup (S)	2016	0	29
Broomehill-Tambellup (S)	2016	1	969
Bruce Rock (S)	2006	0	23
Bruce Rock (S)	2006	1	898
Bruce Rock (S)	2011	0	23
Bruce Rock (S)	2011	1	898
Bruce Rock (S)	2016	0	33
Bruce Rock (S)	2016	1	815
Bunbury (C)	2006	0	1552
Bunbury (C)	2006	1	26169
Bunbury (C)	2011	0	2366
Bunbury (C)	2011	1	26775
Bunbury (C)	2016	0	2947
Bunbury (C)	2016	1	26310
Busselton (C)	2006	0	659
Busselton (C)	2006	1	23436
Busselton (C)	2011	0	1115
Busselton (C)	2011	1	27790
Busselton (C)	2016	0	1710
Busselton (C)	2016	1	32394
Cambridge (T)	2006	0	2208
Cambridge (T)	2006	1	20141
Cambridge (T)	2011	0	2966
Cambridge (T)	2011	1	20987
Cambridge (T)	2016	0	3707
Cambridge (T)	2016	1	21708
Canning (C)	2006	0	17452
Canning (C)	2006	1	56065
Canning (C)	2011	0	27072
Canning (C)	2011	1	54547
Canning (C)	2016	0	35815
Canning (C)	2016	1	50086
Capel (S)	2006	0	305
Capel (S)	2006	1	9506
Capel (S)	2011	0	855
Capel (S)	2011	1	13022
Capel (S)	2016	0	1361
Capel (S)	2016	1	14774
Carnamah (S)	2006	0	10
Carnamah (S)	2006	1	671
Carnamah (S)	2011	0	16
Carnamah (S)	2011	1	484
Carnamah (S)	2016	0	25
Carnamah (S)	2016	1	482
Carnarvon (S)	2006	0	550
Carnarvon (S)	2006	1	4692
Carnarvon (S)	2011	0	596
Carnarvon (S)	2011	1	4545
Carnarvon (S)	2016	0	697
Carnarvon (S)	2016	1	3961
Chapman Valley (S)	2006	0	17
Chapman Valley (S)	2006	1	883
Chapman Valley (S)	2011	0	31
Chapman Valley (S)	2011	1	1082
Chapman Valley (S)	2016	0	39
Chapman Valley (S)	2016	1	1196
Chittering (S)	2006	0	82
Chittering (S)	2006	1	3287
Chittering (S)	2011	0	158
Chittering (S)	2011	1	4072
Chittering (S)	2016	0	184
Chittering (S)	2016	1	4822
Claremont (T)	2006	0	756
Claremont (T)	2006	1	7613
Claremont (T)	2011	0	995
Claremont (T)	2011	1	7628
Claremont (T)	2016	0	1241
Claremont (T)	2016	1	8041
Cockburn (C)	2006	0	12230
Cockburn (C)	2006	1	58055
Cockburn (C)	2011	0	17104
Cockburn (C)	2011	1	68728
Cockburn (C)	2016	0	22460
Cockburn (C)	2016	1	75591
Collie (S)	2006	0	290
Collie (S)	2006	1	7787
Collie (S)	2011	0	354
Collie (S)	2011	1	8296
Collie (S)	2016	0	276
Collie (S)	2016	1	7789
Coolgardie (S)	2006	0	215
Coolgardie (S)	2006	1	3147
Coolgardie (S)	2011	0	253
Coolgardie (S)	2011	1	3288
Coolgardie (S)	2016	0	229
Coolgardie (S)	2016	1	2915
Coorow (S)	2006	0	20
Coorow (S)	2006	1	1132
Coorow (S)	2011	0	22
Coorow (S)	2011	1	985
Coorow (S)	2016	0	21
Coorow (S)	2016	1	949
Corrigin (S)	2006	0	23
Corrigin (S)	2006	1	1066
Corrigin (S)	2011	0	16
Corrigin (S)	2011	1	1012
Corrigin (S)	2016	0	27
Corrigin (S)	2016	1	996
Cottesloe (T)	2006	0	357
Cottesloe (T)	2006	1	6087
Cottesloe (T)	2011	0	451
Cottesloe (T)	2011	1	6449
Cottesloe (T)	2016	0	523
Cottesloe (T)	2016	1	6563
Cranbrook (S)	2006	0	33
Cranbrook (S)	2006	1	994
Cranbrook (S)	2011	0	35
Cranbrook (S)	2011	1	978
Cranbrook (S)	2016	0	37
Cranbrook (S)	2016	1	944
Cuballing (S)	2006	0	18
Cuballing (S)	2006	1	736
Cuballing (S)	2011	0	29
Cuballing (S)	2011	1	823
Cuballing (S)	2016	0	11
Cuballing (S)	2016	1	730
Cue (S)	2006	0	8
Cue (S)	2006	1	284
Cue (S)	2011	0	8
Cue (S)	2011	1	213
Cue (S)	2016	0	3
Cue (S)	2016	1	135
Cunderdin (S)	2006	0	27
Cunderdin (S)	2006	1	1164
Cunderdin (S)	2011	0	77
Cunderdin (S)	2011	1	1174
Cunderdin (S)	2016	0	117
Cunderdin (S)	2016	1	1211
Dalwallinu (S)	2006	0	44
Dalwallinu (S)	2006	1	1266
Dalwallinu (S)	2011	0	50
Dalwallinu (S)	2011	1	1176
Dalwallinu (S)	2016	0	139
Dalwallinu (S)	2016	1	1145
Dandaragan (S)	2006	0	67
Dandaragan (S)	2006	1	2596
Dandaragan (S)	2011	0	131
Dandaragan (S)	2011	1	2756
Dandaragan (S)	2016	0	121
Dandaragan (S)	2016	1	2801
Dardanup (S)	2006	0	341
Dardanup (S)	2006	1	9572
Dardanup (S)	2011	0	501
Dardanup (S)	2011	1	11405
Dardanup (S)	2016	0	731
Dardanup (S)	2016	1	12428
Denmark (S)	2006	0	136
Denmark (S)	2006	1	4181
Denmark (S)	2011	0	185
Denmark (S)	2011	1	4797
Denmark (S)	2016	0	239
Denmark (S)	2016	1	5069
Derby-West Kimberley (S)	2006	0	2055
Derby-West Kimberley (S)	2006	1	3931
Derby-West Kimberley (S)	2011	0	2307
Derby-West Kimberley (S)	2011	1	3861
Derby-West Kimberley (S)	2016	0	3046
Derby-West Kimberley (S)	2016	1	3743
Donnybrook-Balingup (S)	2006	0	217
Donnybrook-Balingup (S)	2006	1	4350
Donnybrook-Balingup (S)	2011	0	279
Donnybrook-Balingup (S)	2011	1	4840
Donnybrook-Balingup (S)	2016	0	257
Donnybrook-Balingup (S)	2016	1	5090
Dowerin (S)	2006	0	9
Dowerin (S)	2006	1	662
Dowerin (S)	2011	0	12
Dowerin (S)	2011	1	659
Dowerin (S)	2016	0	10
Dowerin (S)	2016	1	622
Dumbleyung (S)	2006	0	6
Dumbleyung (S)	2006	1	598
Dumbleyung (S)	2011	0	7
Dumbleyung (S)	2011	1	582
Dumbleyung (S)	2016	0	13
Dumbleyung (S)	2016	1	578
Dundas (S)	2006	0	62
Dundas (S)	2006	1	921
Dundas (S)	2011	0	54
Dundas (S)	2011	1	939
Dundas (S)	2016	0	48
Dundas (S)	2016	1	587
East Fremantle (T)	2006	0	561
East Fremantle (T)	2006	1	5675
East Fremantle (T)	2011	0	629
East Fremantle (T)	2011	1	5981
East Fremantle (T)	2016	0	604
East Fremantle (T)	2016	1	6283
East Pilbara (S)	2006	0	1287
East Pilbara (S)	2006	1	4237
East Pilbara (S)	2011	0	1998
East Pilbara (S)	2011	1	7632
East Pilbara (S)	2016	0	1971
East Pilbara (S)	2016	1	6610
Esperance (S)	2006	0	321
Esperance (S)	2006	1	11970
Esperance (S)	2011	0	485
Esperance (S)	2011	1	12209
Esperance (S)	2016	0	478
Esperance (S)	2016	1	12156
Exmouth (S)	2006	0	69
Exmouth (S)	2006	1	1847
Exmouth (S)	2011	0	120
Exmouth (S)	2011	1	2097
Exmouth (S)	2016	0	129
Exmouth (S)	2016	1	2353
Fremantle (C)	2006	0	3776
Fremantle (C)	2006	1	19216
Fremantle (C)	2011	0	4039
Fremantle (C)	2011	1	21040
Fremantle (C)	2016	0	4259
Fremantle (C)	2016	1	22160
Gingin (S)	2006	0	166
Gingin (S)	2006	1	3566
Gingin (S)	2011	0	294
Gingin (S)	2011	1	4062
Gingin (S)	2016	0	433
Gingin (S)	2016	1	4316
Gnowangerup (S)	2006	0	23
Gnowangerup (S)	2006	1	1307
Gnowangerup (S)	2011	0	24
Gnowangerup (S)	2011	1	1198
Gnowangerup (S)	2016	0	71
Gnowangerup (S)	2016	1	1028
Goomalling (S)	2006	0	9
Goomalling (S)	2006	1	896
Goomalling (S)	2011	0	32
Goomalling (S)	2011	1	916
Goomalling (S)	2016	0	19
Goomalling (S)	2016	1	911
Gosnells (C)	2006	0	12536
Gosnells (C)	2006	1	73570
Gosnells (C)	2011	0	23227
Gosnells (C)	2011	1	76432
Gosnells (C)	2016	0	37750
Gosnells (C)	2016	1	73408
Greater Geraldton (C)	2006	0	1322
Greater Geraldton (C)	2006	1	29731
Greater Geraldton (C)	2011	0	2098
Greater Geraldton (C)	2011	1	32869
Greater Geraldton (C)	2016	0	2837
Greater Geraldton (C)	2016	1	32378
Halls Creek (S)	2006	0	1202
Halls Creek (S)	2006	1	1459
Halls Creek (S)	2011	0	1719
Halls Creek (S)	2011	1	1656
Halls Creek (S)	2016	0	1149
Halls Creek (S)	2016	1	1445
Harvey (S)	2006	0	916
Harvey (S)	2006	1	17556
Harvey (S)	2011	0	1308
Harvey (S)	2011	1	20684
Harvey (S)	2016	0	1792
Harvey (S)	2016	1	22813
Irwin (S)	2006	0	37
Irwin (S)	2006	1	2846
Irwin (S)	2011	0	68
Irwin (S)	2011	1	3320
Irwin (S)	2016	0	70
Irwin (S)	2016	1	3256
Jerramungup (S)	2006	0	16
Jerramungup (S)	2006	1	1049
Jerramungup (S)	2011	0	21
Jerramungup (S)	2011	1	991
Jerramungup (S)	2016	0	26
Jerramungup (S)	2016	1	937
Joondalup (C)	2006	0	12605
Joondalup (C)	2006	1	131141
Joondalup (C)	2011	0	14986
Joondalup (C)	2011	1	132422
Joondalup (C)	2016	0	16886
Joondalup (C)	2016	1	131653
Kalamunda (S)	2006	0	3037
Kalamunda (S)	2006	1	44112
Kalamunda (S)	2011	0	4228
Kalamunda (S)	2011	1	46755
Kalamunda (S)	2016	0	6796
Kalamunda (S)	2016	1	47468
Kalgoorlie/Boulder (C)	2006	0	1573
Kalgoorlie/Boulder (C)	2006	1	23575
Kalgoorlie/Boulder (C)	2011	0	2737
Kalgoorlie/Boulder (C)	2011	1	24748
Kalgoorlie/Boulder (C)	2016	0	3458
Kalgoorlie/Boulder (C)	2016	1	23611
Karratha (C)	2006	0	1171
Karratha (C)	2006	1	12881
Karratha (C)	2011	0	2330
Karratha (C)	2011	1	15843
Karratha (C)	2016	0	2721
Karratha (C)	2016	1	15981
Katanning (S)	2006	0	509
Katanning (S)	2006	1	3243
Katanning (S)	2011	0	763
Katanning (S)	2011	1	3258
Katanning (S)	2016	0	791
Katanning (S)	2016	1	2804
Kellerberrin (S)	2006	0	29
Kellerberrin (S)	2006	1	1099
Kellerberrin (S)	2011	0	36
Kellerberrin (S)	2011	1	1089
Kellerberrin (S)	2016	0	38
Kellerberrin (S)	2016	1	1061
Kent (S)	2006	0	10
Kent (S)	2006	1	552
Kent (S)	2011	0	7
Kent (S)	2011	1	498
Kent (S)	2016	0	12
Kent (S)	2016	1	476
Kojonup (S)	2006	0	67
Kojonup (S)	2006	1	1952
Kojonup (S)	2011	0	71
Kojonup (S)	2011	1	1857
Kojonup (S)	2016	0	72
Kojonup (S)	2016	1	1719
Kondinin (S)	2006	0	16
Kondinin (S)	2006	1	918
Kondinin (S)	2011	0	27
Kondinin (S)	2011	1	948
Kondinin (S)	2016	0	38
Kondinin (S)	2016	1	756
Koorda (S)	2006	0	4
Koorda (S)	2006	1	408
Koorda (S)	2011	0	11
Koorda (S)	2011	1	418
Koorda (S)	2016	0	0
Koorda (S)	2016	1	395
Kulin (S)	2006	0	15
Kulin (S)	2006	1	841
Kulin (S)	2011	0	26
Kulin (S)	2011	1	784
Kulin (S)	2016	0	25
Kulin (S)	2016	1	689
Kwinana (C)	2006	0	1359
Kwinana (C)	2006	1	19267
Kwinana (C)	2011	0	2830
Kwinana (C)	2011	1	23680
Kwinana (C)	2016	0	7422
Kwinana (C)	2016	1	27816
Lake Grace (S)	2006	0	29
Lake Grace (S)	2006	1	1389
Lake Grace (S)	2011	0	58
Lake Grace (S)	2011	1	1257
Lake Grace (S)	2016	0	60
Lake Grace (S)	2016	1	1088
Laverton (S)	2006	0	123
Laverton (S)	2006	1	545
Laverton (S)	2011	0	242
Laverton (S)	2011	1	841
Laverton (S)	2016	0	209
Laverton (S)	2016	1	727
Leonora (S)	2006	0	129
Leonora (S)	2006	1	1198
Leonora (S)	2011	0	211
Leonora (S)	2011	1	1656
Leonora (S)	2016	0	112
Leonora (S)	2016	1	975
Mandurah (C)	2006	0	1677
Mandurah (C)	2006	1	50351
Mandurah (C)	2011	0	3436
Mandurah (C)	2011	1	62347
Mandurah (C)	2016	0	5471
Mandurah (C)	2016	1	70172
Manjimup (S)	2006	0	461
Manjimup (S)	2006	1	8347
Manjimup (S)	2011	0	480
Manjimup (S)	2011	1	8338
Manjimup (S)	2016	0	497
Manjimup (S)	2016	1	7946
Meekatharra (S)	2006	0	30
Meekatharra (S)	2006	1	858
Meekatharra (S)	2011	0	102
Meekatharra (S)	2011	1	1004
Meekatharra (S)	2016	0	85
Meekatharra (S)	2016	1	748
Melville (C)	2006	0	14452
Melville (C)	2006	1	74092
Melville (C)	2011	0	17150
Melville (C)	2011	1	74846
Melville (C)	2016	0	19500
Melville (C)	2016	1	73903
Menzies (S)	2006	0	77
Menzies (S)	2006	1	112
Menzies (S)	2011	0	185
Menzies (S)	2011	1	177
Menzies (S)	2016	0	196
Menzies (S)	2016	1	235
Merredin (S)	2006	0	116
Merredin (S)	2006	1	2938
Merredin (S)	2011	0	198
Merredin (S)	2011	1	2938
Merredin (S)	2016	0	237
Merredin (S)	2016	1	2861
Mingenew (S)	2006	0	0
Mingenew (S)	2006	1	438
Mingenew (S)	2011	0	3
Mingenew (S)	2011	1	448
Mingenew (S)	2016	0	0
Mingenew (S)	2016	1	413
Moora (S)	2006	0	49
Moora (S)	2006	1	2276
Moora (S)	2011	0	68
Moora (S)	2011	1	2296
Moora (S)	2016	0	78
Moora (S)	2016	1	2120
Morawa (S)	2006	0	20
Morawa (S)	2006	1	769
Morawa (S)	2011	0	25
Morawa (S)	2011	1	821
Morawa (S)	2016	0	23
Morawa (S)	2016	1	664
Mosman Park (T)	2006	0	881
Mosman Park (T)	2006	1	6699
Mosman Park (T)	2011	0	1061
Mosman Park (T)	2011	1	7081
Mosman Park (T)	2016	0	1185
Mosman Park (T)	2016	1	6874
Mount Magnet (S)	2006	0	7
Mount Magnet (S)	2006	1	375
Mount Magnet (S)	2011	0	23
Mount Magnet (S)	2011	1	570
Mount Magnet (S)	2016	0	17
Mount Magnet (S)	2016	1	340
Mount Marshall (S)	2006	0	4
Mount Marshall (S)	2006	1	593
Mount Marshall (S)	2011	0	3
Mount Marshall (S)	2011	1	471
Mount Marshall (S)	2016	0	4
Mount Marshall (S)	2016	1	478
Mukinbudin (S)	2006	0	8
Mukinbudin (S)	2006	1	555
Mukinbudin (S)	2011	0	9
Mukinbudin (S)	2011	1	481
Mukinbudin (S)	2016	0	11
Mukinbudin (S)	2016	1	507
Mundaring (S)	2006	0	1568
Mundaring (S)	2006	1	31119
Mundaring (S)	2011	0	1836
Mundaring (S)	2011	1	31622
Mundaring (S)	2016	0	2333
Mundaring (S)	2016	1	32038
Murchison (S)	2006	0	5
Murchison (S)	2006	1	98
Murchison (S)	2011	0	18
Murchison (S)	2011	1	89
Murchison (S)	2016	0	15
Murchison (S)	2016	1	94
Murray (S)	2006	0	231
Murray (S)	2006	1	10891
Murray (S)	2011	0	328
Murray (S)	2011	1	13009
Murray (S)	2016	0	491
Murray (S)	2016	1	14894
Nannup (S)	2006	0	28
Nannup (S)	2006	1	1112
Nannup (S)	2011	0	36
Nannup (S)	2011	1	1169
Nannup (S)	2016	0	38
Nannup (S)	2016	1	1178
Narembeen (S)	2006	0	33
Narembeen (S)	2006	1	844
Narembeen (S)	2011	0	31
Narembeen (S)	2011	1	745
Narembeen (S)	2016	0	34
Narembeen (S)	2016	1	707
Narrogin (S)	2006	0	165
Narrogin (S)	2006	1	4743
Narrogin (S)	2011	0	256
Narrogin (S)	2011	1	4622
Narrogin (S)	2016	0	299
Narrogin (S)	2016	1	4288
Nedlands (C)	2006	0	2135
Nedlands (C)	2006	1	16839
Nedlands (C)	2011	0	2751
Nedlands (C)	2011	1	17010
Nedlands (C)	2016	0	3184
Nedlands (C)	2016	1	16987
Ngaanyatjarraku (S)	2006	0	985
Ngaanyatjarraku (S)	2006	1	251
Ngaanyatjarraku (S)	2011	0	1130
Ngaanyatjarraku (S)	2011	1	237
Ngaanyatjarraku (S)	2016	0	1301
Ngaanyatjarraku (S)	2016	1	157
Northam (S)	2006	0	381
Northam (S)	2006	1	8755
Northam (S)	2011	0	555
Northam (S)	2011	1	9175
Northam (S)	2016	0	556
Northam (S)	2016	1	9080
Northampton (S)	2006	0	51
Northampton (S)	2006	1	2965
Northampton (S)	2011	0	62
Northampton (S)	2011	1	2989
Northampton (S)	2016	0	71
Northampton (S)	2016	1	2910
Nungarin (S)	2006	0	3
Nungarin (S)	2006	1	239
Nungarin (S)	2011	0	3
Nungarin (S)	2011	1	212
Nungarin (S)	2016	0	11
Nungarin (S)	2016	1	228
Peppermint Grove (S)	2006	0	106
Peppermint Grove (S)	2006	1	1372
Peppermint Grove (S)	2011	0	121
Peppermint Grove (S)	2011	1	1278
Peppermint Grove (S)	2016	0	151
Peppermint Grove (S)	2016	1	1383
Perenjori (S)	2006	0	0
Perenjori (S)	2006	1	499
Perenjori (S)	2011	0	45
Perenjori (S)	2011	1	795
Perenjori (S)	2016	0	26
Perenjori (S)	2016	1	528
Perth (C)	2006	0	3024
Perth (C)	2006	1	5778
Perth (C)	2011	0	5174
Perth (C)	2011	1	8831
Perth (C)	2016	0	8044
Perth (C)	2016	1	10220
Pingelly (S)	2006	0	36
Pingelly (S)	2006	1	1033
Pingelly (S)	2011	0	29
Pingelly (S)	2011	1	1086
Pingelly (S)	2016	0	17
Pingelly (S)	2016	1	1004
Plantagenet (S)	2006	0	157
Plantagenet (S)	2006	1	4052
Plantagenet (S)	2011	0	228
Plantagenet (S)	2011	1	4337
Plantagenet (S)	2016	0	291
Plantagenet (S)	2016	1	4293
Port Hedland (T)	2006	0	1173
Port Hedland (T)	2006	1	7622
Port Hedland (T)	2011	0	1533
Port Hedland (T)	2011	1	10433
Port Hedland (T)	2016	0	2072
Port Hedland (T)	2016	1	10150
Quairading (S)	2006	0	18
Quairading (S)	2006	1	958
Quairading (S)	2011	0	20
Quairading (S)	2011	1	1004
Quairading (S)	2016	0	17
Quairading (S)	2016	1	866
Ravensthorpe (S)	2006	0	96
Ravensthorpe (S)	2006	1	1743
Ravensthorpe (S)	2011	0	87
Ravensthorpe (S)	2011	1	1901
Ravensthorpe (S)	2016	0	84
Ravensthorpe (S)	2016	1	1439
Rockingham (C)	2006	0	3419
Rockingham (C)	2006	1	75304
Rockingham (C)	2011	0	6065
Rockingham (C)	2011	1	92619
Rockingham (C)	2016	0	9673
Rockingham (C)	2016	1	106543
Sandstone (S)	2006	0	0
Sandstone (S)	2006	1	102
Sandstone (S)	2011	0	0
Sandstone (S)	2011	1	90
Sandstone (S)	2016	0	5
Sandstone (S)	2016	1	75
Serpentine-Jarrahdale (S)	2006	0	463
Serpentine-Jarrahdale (S)	2006	1	11861
Serpentine-Jarrahdale (S)	2011	0	755
Serpentine-Jarrahdale (S)	2011	1	16048
Serpentine-Jarrahdale (S)	2016	0	2470
Serpentine-Jarrahdale (S)	2016	1	22450
Shark Bay (S)	2006	0	23
Shark Bay (S)	2006	1	719
Shark Bay (S)	2011	0	25
Shark Bay (S)	2011	1	803
Shark Bay (S)	2016	0	64
Shark Bay (S)	2016	1	792
South Perth (C)	2006	0	6558
South Perth (C)	2006	1	28819
South Perth (C)	2011	0	8283
South Perth (C)	2011	1	29978
South Perth (C)	2016	0	9268
South Perth (C)	2016	1	29903
Stirling (C)	2006	0	36270
Stirling (C)	2006	1	128581
Stirling (C)	2011	0	47568
Stirling (C)	2011	1	136357
Stirling (C)	2016	0	57372
Stirling (C)	2016	1	139376
Subiaco (C)	2006	0	2363
Subiaco (C)	2006	1	12679
Subiaco (C)	2011	0	3343
Subiaco (C)	2011	1	13114
Subiaco (C)	2016	0	4337
Subiaco (C)	2016	1	13691
Swan (C)	2006	0	13100
Swan (C)	2006	1	74304
Swan (C)	2011	0	17190
Swan (C)	2011	1	85462
Swan (C)	2016	0	27736
Swan (C)	2016	1	97071
Tammin (S)	2006	0	4
Tammin (S)	2006	1	367
Tammin (S)	2011	0	5
Tammin (S)	2011	1	378
Tammin (S)	2016	0	14
Tammin (S)	2016	1	335
Three Springs (S)	2006	0	27
Three Springs (S)	2006	1	611
Three Springs (S)	2011	0	38
Three Springs (S)	2011	1	534
Three Springs (S)	2016	0	28
Three Springs (S)	2016	1	516
Toodyay (S)	2006	0	110
Toodyay (S)	2006	1	3771
Toodyay (S)	2011	0	133
Toodyay (S)	2011	1	3956
Toodyay (S)	2016	0	155
Toodyay (S)	2016	1	3870
Trayning (S)	2006	0	11
Trayning (S)	2006	1	367
Trayning (S)	2011	0	3
Trayning (S)	2011	1	335
Trayning (S)	2016	0	3
Trayning (S)	2016	1	286
Upper Gascoyne (S)	2006	0	3
Upper Gascoyne (S)	2006	1	244
Upper Gascoyne (S)	2011	0	9
Upper Gascoyne (S)	2011	1	214
Upper Gascoyne (S)	2016	0	17
Upper Gascoyne (S)	2016	1	226
Victoria Park (T)	2006	0	5410
Victoria Park (T)	2006	1	19977
Victoria Park (T)	2011	0	8320
Victoria Park (T)	2011	1	21361
Victoria Park (T)	2016	0	9430
Victoria Park (T)	2016	1	22385
Victoria Plains (S)	2006	0	12
Victoria Plains (S)	2006	1	844
Victoria Plains (S)	2011	0	30
Victoria Plains (S)	2011	1	823
Victoria Plains (S)	2016	0	37
Victoria Plains (S)	2016	1	789
Vincent (C)	2006	0	5807
Vincent (C)	2006	1	19231
Vincent (C)	2011	0	7037
Vincent (C)	2011	1	22094
Vincent (C)	2016	0	7353
Vincent (C)	2016	1	23562
Wagin (S)	2006	0	24
Wagin (S)	2006	1	1710
Wagin (S)	2011	0	51
Wagin (S)	2011	1	1737
Wagin (S)	2016	0	32
Wagin (S)	2016	1	1639
Wandering (S)	2006	0	6
Wandering (S)	2006	1	315
Wandering (S)	2011	0	11
Wandering (S)	2011	1	410
Wandering (S)	2016	0	10
Wandering (S)	2016	1	384
Wanneroo (C)	2006	0	16955
Wanneroo (C)	2006	1	87975
Wanneroo (C)	2011	0	26915
Wanneroo (C)	2011	1	117862
Wanneroo (C)	2016	0	38255
Wanneroo (C)	2016	1	139269
Waroona (S)	2006	0	211
Waroona (S)	2006	1	3061
Waroona (S)	2011	0	243
Waroona (S)	2011	1	3211
Waroona (S)	2016	0	235
Waroona (S)	2016	1	3453
West Arthur (S)	2006	0	14
West Arthur (S)	2006	1	814
West Arthur (S)	2011	0	16
West Arthur (S)	2011	1	833
West Arthur (S)	2016	0	7
West Arthur (S)	2016	1	729
Westonia (S)	2006	0	7
Westonia (S)	2006	1	195
Westonia (S)	2011	0	14
Westonia (S)	2011	1	254
Westonia (S)	2016	0	16
Westonia (S)	2016	1	246
Wickepin (S)	2006	0	6
Wickepin (S)	2006	1	695
Wickepin (S)	2011	0	11
Wickepin (S)	2011	1	700
Wickepin (S)	2016	0	9
Wickepin (S)	2016	1	658
Williams (S)	2006	0	12
Williams (S)	2006	1	821
Williams (S)	2011	0	5
Williams (S)	2011	1	866
Williams (S)	2016	0	19
Williams (S)	2016	1	872
Wiluna (S)	2006	0	172
Wiluna (S)	2006	1	449
Wiluna (S)	2011	0	290
Wiluna (S)	2011	1	723
Wiluna (S)	2016	0	220
Wiluna (S)	2016	1	383
Wongan-Ballidu (S)	2006	0	29
Wongan-Ballidu (S)	2006	1	1322
Wongan-Ballidu (S)	2011	0	43
Wongan-Ballidu (S)	2011	1	1329
Wongan-Ballidu (S)	2016	0	49
Wongan-Ballidu (S)	2016	1	1231
Woodanilling (S)	2006	0	4
Woodanilling (S)	2006	1	370
Woodanilling (S)	2011	0	4
Woodanilling (S)	2011	1	412
Woodanilling (S)	2016	0	9
Woodanilling (S)	2016	1	379
Wyalkatchem (S)	2006	0	4
Wyalkatchem (S)	2006	1	544
Wyalkatchem (S)	2011	0	10
Wyalkatchem (S)	2011	1	469
Wyalkatchem (S)	2016	0	8
Wyalkatchem (S)	2016	1	442
Wyndham-East Kimberley (S)	2006	0	560
Wyndham-East Kimberley (S)	2006	1	5044
Wyndham-East Kimberley (S)	2011	0	777
Wyndham-East Kimberley (S)	2011	1	6206
Wyndham-East Kimberley (S)	2016	0	846
Wyndham-East Kimberley (S)	2016	1	5410
Yalgoo (S)	2006	0	4
Yalgoo (S)	2006	1	207
Yalgoo (S)	2011	0	18
Yalgoo (S)	2011	1	320
Yalgoo (S)	2016	0	21
Yalgoo (S)	2016	1	254
Yilgarn (S)	2006	0	47
Yilgarn (S)	2006	1	1289
Yilgarn (S)	2011	0	63
Yilgarn (S)	2011	1	1390
Yilgarn (S)	2016	0	50
Yilgarn (S)	2016	1	981
York (S)	2006	0	64
York (S)	2006	1	2926
York (S)	2011	0	89
York (S)	2011	1	3120
York (S)	2016	0	85
York (S)	2016	1	3127
No usual address (WA)	2006	0	460
No usual address (WA)	2006	1	4837
No usual address (WA)	2011	0	698
No usual address (WA)	2011	1	5334
No usual address (WA)	2016	0	585
No usual address (WA)	2016	1	3819
Migratory - Offshore - Shipping (WA)	2006	0	27
Migratory - Offshore - Shipping (WA)	2006	1	281
Migratory - Offshore - Shipping (WA)	2011	0	39
Migratory - Offshore - Shipping (WA)	2011	1	311
Migratory - Offshore - Shipping (WA)	2016	0	53
Migratory - Offshore - Shipping (WA)	2016	1	309
Break O'Day (M)	2006	0	80
Break O'Day (M)	2006	1	5638
Break O'Day (M)	2011	0	120
Break O'Day (M)	2011	1	5817
Break O'Day (M)	2016	0	128
Break O'Day (M)	2016	1	5521
Brighton (M)	2006	0	218
Brighton (M)	2006	1	12911
Brighton (M)	2011	0	297
Brighton (M)	2011	1	14341
Brighton (M)	2016	0	311
Brighton (M)	2016	1	15088
Burnie (C)	2006	0	417
Burnie (C)	2006	1	17889
Burnie (C)	2011	0	521
Burnie (C)	2011	1	17993
Burnie (C)	2016	0	552
Burnie (C)	2016	1	17287
Central Coast (M) (Tas.)	2006	0	285
Central Coast (M) (Tas.)	2006	1	19615
Central Coast (M) (Tas.)	2011	0	334
Central Coast (M) (Tas.)	2011	1	20188
Central Coast (M) (Tas.)	2016	0	371
Central Coast (M) (Tas.)	2016	1	19743
Central Highlands (M) (Tas.)	2006	0	23
Central Highlands (M) (Tas.)	2006	1	2087
Central Highlands (M) (Tas.)	2011	0	44
Central Highlands (M) (Tas.)	2011	1	2108
Central Highlands (M) (Tas.)	2016	0	27
Central Highlands (M) (Tas.)	2016	1	1969
Circular Head (M)	2006	0	103
Circular Head (M)	2006	1	7608
Circular Head (M)	2011	0	141
Circular Head (M)	2011	1	7513
Circular Head (M)	2016	0	173
Circular Head (M)	2016	1	7144
Clarence (C)	2006	0	1272
Clarence (C)	2006	1	45879
Clarence (C)	2011	0	1847
Clarence (C)	2011	1	47790
Clarence (C)	2016	0	2235
Clarence (C)	2016	1	49469
Derwent Valley (M)	2006	0	103
Derwent Valley (M)	2006	1	8812
Derwent Valley (M)	2011	0	128
Derwent Valley (M)	2011	1	9214
Derwent Valley (M)	2016	0	162
Derwent Valley (M)	2016	1	9202
Devonport (C)	2006	0	511
Devonport (C)	2006	1	22587
Devonport (C)	2011	0	552
Devonport (C)	2011	1	23127
Devonport (C)	2016	0	728
Devonport (C)	2016	1	22521
Dorset (M)	2006	0	63
Dorset (M)	2006	1	6637
Dorset (M)	2011	0	94
Dorset (M)	2011	1	6476
Dorset (M)	2016	0	123
Dorset (M)	2016	1	6017
Flinders (M) (Tas.)	2006	0	8
Flinders (M) (Tas.)	2006	1	823
Flinders (M) (Tas.)	2011	0	15
Flinders (M) (Tas.)	2011	1	715
Flinders (M) (Tas.)	2016	0	14
Flinders (M) (Tas.)	2016	1	839
George Town (M)	2006	0	112
George Town (M)	2006	1	6111
George Town (M)	2011	0	124
George Town (M)	2011	1	6322
George Town (M)	2016	0	111
George Town (M)	2016	1	6063
Glamorgan/Spring Bay (M)	2006	0	89
Glamorgan/Spring Bay (M)	2006	1	3862
Glamorgan/Spring Bay (M)	2011	0	99
Glamorgan/Spring Bay (M)	2011	1	3935
Glamorgan/Spring Bay (M)	2016	0	129
Glamorgan/Spring Bay (M)	2016	1	3906
Glenorchy (C)	2006	0	2287
Glenorchy (C)	2006	1	38865
Glenorchy (C)	2011	0	3296
Glenorchy (C)	2011	1	39597
Glenorchy (C)	2016	0	4384
Glenorchy (C)	2016	1	38787
Hobart (C)	2006	0	4838
Hobart (C)	2006	1	40194
Hobart (C)	2011	0	6122
Hobart (C)	2011	1	40334
Hobart (C)	2016	0	7592
Hobart (C)	2016	1	39877
Huon Valley (M)	2006	0	316
Huon Valley (M)	2006	1	13119
Huon Valley (M)	2011	0	452
Huon Valley (M)	2011	1	14226
Huon Valley (M)	2016	0	562
Huon Valley (M)	2016	1	14537
Kentish (M)	2006	0	90
Kentish (M)	2006	1	5512
Kentish (M)	2011	0	161
Kentish (M)	2011	1	5778
Kentish (M)	2016	0	199
Kentish (M)	2016	1	5527
King Island (M)	2006	0	45
King Island (M)	2006	1	1532
King Island (M)	2011	0	60
King Island (M)	2011	1	1451
King Island (M)	2016	0	71
King Island (M)	2016	1	1383
Kingborough (M)	2006	0	1389
Kingborough (M)	2006	1	28469
Kingborough (M)	2011	0	1846
Kingborough (M)	2011	1	31023
Kingborough (M)	2016	0	2169
Kingborough (M)	2016	1	32091
Latrobe (M) (Tas.)	2006	0	120
Latrobe (M) (Tas.)	2006	1	8216
Latrobe (M) (Tas.)	2011	0	195
Latrobe (M) (Tas.)	2011	1	9358
Latrobe (M) (Tas.)	2016	0	214
Latrobe (M) (Tas.)	2016	1	9827
Launceston (C)	2006	0	2453
Launceston (C)	2006	1	56825
Launceston (C)	2011	0	3548
Launceston (C)	2011	1	58109
Launceston (C)	2016	0	4648
Launceston (C)	2016	1	56019
Meander Valley (M)	2006	0	354
Meander Valley (M)	2006	1	17243
Meander Valley (M)	2011	0	421
Meander Valley (M)	2011	1	17916
Meander Valley (M)	2016	0	494
Meander Valley (M)	2016	1	17590
Northern Midlands (M)	2006	0	144
Northern Midlands (M)	2006	1	11452
Northern Midlands (M)	2011	0	169
Northern Midlands (M)	2011	1	11738
Northern Midlands (M)	2016	0	201
Northern Midlands (M)	2016	1	11645
Sorell (M)	2006	0	206
Sorell (M)	2006	1	11269
Sorell (M)	2011	0	231
Sorell (M)	2011	1	12437
Sorell (M)	2016	0	298
Sorell (M)	2016	1	13240
Southern Midlands (M)	2006	0	42
Southern Midlands (M)	2006	1	5356
Southern Midlands (M)	2011	0	65
Southern Midlands (M)	2011	1	5703
Southern Midlands (M)	2016	0	63
Southern Midlands (M)	2016	1	5566
Tasman (M)	2006	0	28
Tasman (M)	2006	1	2094
Tasman (M)	2011	0	43
Tasman (M)	2011	1	2217
Tasman (M)	2016	0	38
Tasman (M)	2016	1	2065
Waratah/Wynyard (M)	2006	0	204
Waratah/Wynyard (M)	2006	1	12789
Waratah/Wynyard (M)	2011	0	225
Waratah/Wynyard (M)	2011	1	13044
Waratah/Wynyard (M)	2016	0	218
Waratah/Wynyard (M)	2016	1	12513
West Coast (M)	2006	0	125
West Coast (M)	2006	1	4667
West Coast (M)	2011	0	120
West Coast (M)	2011	1	4323
West Coast (M)	2016	0	112
West Coast (M)	2016	1	3721
West Tamar (M)	2006	0	721
West Tamar (M)	2006	1	19239
West Tamar (M)	2011	0	818
West Tamar (M)	2011	1	20351
West Tamar (M)	2016	0	895
West Tamar (M)	2016	1	20517
No usual address (Tas.)	2006	0	40
No usual address (Tas.)	2006	1	769
No usual address (Tas.)	2011	0	77
No usual address (Tas.)	2011	1	855
No usual address (Tas.)	2016	0	67
No usual address (Tas.)	2016	1	680
Migratory - Offshore - Shipping (Tas.)	2006	0	4
Migratory - Offshore - Shipping (Tas.)	2006	1	73
Migratory - Offshore - Shipping (Tas.)	2011	0	7
Migratory - Offshore - Shipping (Tas.)	2011	1	101
Migratory - Offshore - Shipping (Tas.)	2016	0	10
Migratory - Offshore - Shipping (Tas.)	2016	1	60
Alice Springs (T)	2006	0	2639
Alice Springs (T)	2006	1	19057
Alice Springs (T)	2011	0	4050
Alice Springs (T)	2011	1	18802
Alice Springs (T)	2016	0	4691
Alice Springs (T)	2016	1	16979
Barkly (R)	2006	0	2905
Barkly (R)	2006	1	2821
Barkly (R)	2011	0	2936
Barkly (R)	2011	1	2932
Barkly (R)	2016	0	3306
Barkly (R)	2016	1	2662
Belyuen (S)	2006	0	50
Belyuen (S)	2006	1	114
Belyuen (S)	2011	0	16
Belyuen (S)	2011	1	157
Belyuen (S)	2016	0	132
Belyuen (S)	2016	1	22
Central Desert (R)	2006	0	2935
Central Desert (R)	2006	1	749
Central Desert (R)	2011	0	2715
Central Desert (R)	2011	1	693
Central Desert (R)	2016	0	2882
Central Desert (R)	2016	1	500
Coomalie (S)	2006	0	61
Coomalie (S)	2006	1	758
Coomalie (S)	2011	0	66
Coomalie (S)	2011	1	872
Coomalie (S)	2016	0	96
Coomalie (S)	2016	1	960
Darwin (C)	2006	0	10752
Darwin (C)	2006	1	49111
Darwin (C)	2011	0	15284
Darwin (C)	2011	1	49256
Darwin (C)	2016	0	21139
Darwin (C)	2016	1	49114
East Arnhem (R)	2006	0	6462
East Arnhem (R)	2006	1	1028
East Arnhem (R)	2011	0	7973
East Arnhem (R)	2011	1	720
East Arnhem (R)	2016	0	8064
East Arnhem (R)	2016	1	441
Katherine (T)	2006	0	677
Katherine (T)	2006	1	6745
Katherine (T)	2011	0	1016
Katherine (T)	2011	1	7267
Katherine (T)	2016	0	1402
Katherine (T)	2016	1	6311
Litchfield (M)	2006	0	868
Litchfield (M)	2006	1	12940
Litchfield (M)	2011	0	1020
Litchfield (M)	2011	1	15595
Litchfield (M)	2016	0	1415
Litchfield (M)	2016	1	17816
MacDonnell (R)	2006	0	4048
MacDonnell (R)	2006	1	1156
MacDonnell (R)	2011	0	3916
MacDonnell (R)	2011	1	950
MacDonnell (R)	2016	0	3629
MacDonnell (R)	2016	1	859
Palmerston (C)	2006	0	1600
Palmerston (C)	2006	1	19340
Palmerston (C)	2011	0	2680
Palmerston (C)	2011	1	22592
Palmerston (C)	2016	0	5069
Palmerston (C)	2016	1	25788
Roper Gulf (R)	2006	0	2524
Roper Gulf (R)	2006	1	2606
Roper Gulf (R)	2011	0	3713
Roper Gulf (R)	2011	1	1815
Roper Gulf (R)	2016	0	4127
Roper Gulf (R)	2016	1	1797
Tiwi Islands (R)	2006	0	1561
Tiwi Islands (R)	2006	1	481
Tiwi Islands (R)	2011	0	2044
Tiwi Islands (R)	2011	1	476
Tiwi Islands (R)	2016	0	2061
Tiwi Islands (R)	2016	1	271
Victoria Daly (R)	2006	0	1256
Victoria Daly (R)	2006	1	1301
Victoria Daly (R)	2011	0	1248
Victoria Daly (R)	2011	1	1420
Victoria Daly (R)	2016	0	1365
Victoria Daly (R)	2016	1	955
Wagait (S)	2006	0	14
Wagait (S)	2006	1	258
Wagait (S)	2011	0	9
Wagait (S)	2011	1	339
Wagait (S)	2016	0	18
Wagait (S)	2016	1	413
West Arnhem (R)	2006	0	3458
West Arnhem (R)	2006	1	1480
West Arnhem (R)	2011	0	4445
West Arnhem (R)	2011	1	1481
West Arnhem (R)	2016	0	4257
West Arnhem (R)	2016	1	1169
West Daly (R)	2006	0	2132
West Daly (R)	2006	1	336
West Daly (R)	2011	0	2598
West Daly (R)	2011	1	349
West Daly (R)	2016	0	2542
West Daly (R)	2016	1	280
Unincorporated NT	2006	0	641
Unincorporated NT	2006	1	5472
Unincorporated NT	2011	0	735
Unincorporated NT	2011	1	5790
Unincorporated NT	2016	0	867
Unincorporated NT	2016	1	4913
No usual address (NT)	2006	0	125
No usual address (NT)	2006	1	1470
No usual address (NT)	2011	0	198
No usual address (NT)	2011	1	1429
No usual address (NT)	2016	0	455
No usual address (NT)	2016	1	1364
Migratory - Offshore - Shipping (NT)	2006	0	14
Migratory - Offshore - Shipping (NT)	2006	1	67
Migratory - Offshore - Shipping (NT)	2011	0	18
Migratory - Offshore - Shipping (NT)	2011	1	78
Migratory - Offshore - Shipping (NT)	2016	0	37
Migratory - Offshore - Shipping (NT)	2016	1	27
Unincorporated ACT	2006	0	47049
Unincorporated ACT	2006	1	261913
Unincorporated ACT	2011	0	64573
Unincorporated ACT	2011	1	277564
Unincorporated ACT	2016	0	86585
Unincorporated ACT	2016	1	288639
No usual address (ACT)	2006	0	117
No usual address (ACT)	2006	1	536
No usual address (ACT)	2011	0	97
No usual address (ACT)	2011	1	475
No usual address (ACT)	2016	0	82
No usual address (ACT)	2016	1	355
Migratory - Offshore - Shipping (ACT)	2006	0	0
Migratory - Offshore - Shipping (ACT)	2006	1	0
Migratory - Offshore - Shipping (ACT)	2011	0	0
Migratory - Offshore - Shipping (ACT)	2011	1	0
Migratory - Offshore - Shipping (ACT)	2016	0	0
Migratory - Offshore - Shipping (ACT)	2016	1	0
Unincorp. Other Territories	2006	0	1198
Unincorp. Other Territories	2006	1	955
Unincorp. Other Territories	2011	0	1224
Unincorp. Other Territories	2011	1	920
Unincorp. Other Territories	2016	0	2118
Unincorp. Other Territories	2016	1	1688
No usual address (OT)	2006	0	3
No usual address (OT)	2006	1	16
No usual address (OT)	2011	0	3
No usual address (OT)	2011	1	21
No usual address (OT)	2016	0	10
No usual address (OT)	2016	1	40
Migratory - Offshore - Shipping (OT)	2006	0	0
Migratory - Offshore - Shipping (OT)	2006	1	0
Migratory - Offshore - Shipping (OT)	2011	0	0
Migratory - Offshore - Shipping (OT)	2011	1	0
Migratory - Offshore - Shipping (OT)	2016	0	0
Migratory - Offshore - Shipping (OT)	2016	1	4
