LGA_NAME16	Year	BornAust	persons
Albury (C)	2006	0	4047
Albury (C)	2006	1	39538
Albury (C)	2011	0	4881
Albury (C)	2011	1	40479
Albury (C)	2016	0	5540
Albury (C)	2016	1	41590
Armidale Regional (A)	2006	0	2443
Armidale Regional (A)	2006	1	23555
Armidale Regional (A)	2011	0	3017
Armidale Regional (A)	2011	1	23722
Armidale Regional (A)	2016	0	3631
Armidale Regional (A)	2016	1	23396
Ballina (A)	2006	0	3730
Ballina (A)	2006	1	32681
Ballina (A)	2011	0	4218
Ballina (A)	2011	1	33168
Ballina (A)	2016	0	4609
Ballina (A)	2016	1	33984
Balranald (A)	2006	0	151
Balranald (A)	2006	1	2100
Balranald (A)	2011	0	171
Balranald (A)	2011	1	1938
Balranald (A)	2016	0	144
Balranald (A)	2016	1	1869
Bathurst Regional (A)	2006	0	2738
Bathurst Regional (A)	2006	1	31395
Bathurst Regional (A)	2011	0	3191
Bathurst Regional (A)	2011	1	33178
Bathurst Regional (A)	2016	0	3565
Bathurst Regional (A)	2016	1	34538
Bega Valley (A)	2006	0	3515
Bega Valley (A)	2006	1	25863
Bega Valley (A)	2011	0	3752
Bega Valley (A)	2011	1	26552
Bega Valley (A)	2016	0	3860
Bega Valley (A)	2016	1	26446
Bellingen (A)	2006	0	1403
Bellingen (A)	2006	1	10311
Bellingen (A)	2011	0	1533
Bellingen (A)	2011	1	10489
Bellingen (A)	2016	0	1495
Bellingen (A)	2016	1	10173
Berrigan (A)	2006	0	514
Berrigan (A)	2006	1	7104
Berrigan (A)	2011	0	577
Berrigan (A)	2011	1	7036
Berrigan (A)	2016	0	651
Berrigan (A)	2016	1	6866
Blacktown (C)	2006	0	93105
Blacktown (C)	2006	1	160479
Blacktown (C)	2011	0	113217
Blacktown (C)	2011	1	173765
Blacktown (C)	2016	0	136294
Blacktown (C)	2016	1	182150
Bland (A)	2006	0	242
Bland (A)	2006	1	5550
Bland (A)	2011	0	241
Bland (A)	2011	1	5404
Bland (A)	2016	0	287
Bland (A)	2016	1	4890
Blayney (A)	2006	0	403
Blayney (A)	2006	1	5903
Blayney (A)	2011	0	420
Blayney (A)	2011	1	6169
Blayney (A)	2016	0	451
Blayney (A)	2016	1	6206
Blue Mountains (C)	2006	0	12230
Blue Mountains (C)	2006	1	58080
Blue Mountains (C)	2011	0	12569
Blue Mountains (C)	2011	1	59236
Blue Mountains (C)	2016	0	12954
Blue Mountains (C)	2016	1	60029
Bogan (A)	2006	0	88
Bogan (A)	2006	1	2657
Bogan (A)	2011	0	110
Bogan (A)	2011	1	2566
Bogan (A)	2016	0	128
Bogan (A)	2016	1	2233
Botany Bay (C)	2006	0	14954
Botany Bay (C)	2006	1	18170
Botany Bay (C)	2011	0	16603
Botany Bay (C)	2011	1	20233
Botany Bay (C)	2016	0	20687
Botany Bay (C)	2016	1	22686
Bourke (A)	2006	0	115
Bourke (A)	2006	1	2676
Bourke (A)	2011	0	101
Bourke (A)	2011	1	2344
Bourke (A)	2016	0	101
Bourke (A)	2016	1	1969
Brewarrina (A)	2006	0	51
Brewarrina (A)	2006	1	1745
Brewarrina (A)	2011	0	50
Brewarrina (A)	2011	1	1600
Brewarrina (A)	2016	0	35
Brewarrina (A)	2016	1	1448
Broken Hill (C)	2006	0	864
Broken Hill (C)	2006	1	16844
Broken Hill (C)	2011	0	825
Broken Hill (C)	2011	1	16352
Broken Hill (C)	2016	0	800
Broken Hill (C)	2016	1	15364
Burwood (A)	2006	0	15268
Burwood (A)	2006	1	13076
Burwood (A)	2011	0	17066
Burwood (A)	2011	1	13529
Burwood (A)	2016	0	21067
Burwood (A)	2016	1	13758
Byron (A)	2006	0	4650
Byron (A)	2006	1	21497
Byron (A)	2011	0	5317
Byron (A)	2011	1	21976
Byron (A)	2016	0	5637
Byron (A)	2016	1	21560
Cabonne (A)	2006	0	701
Cabonne (A)	2006	1	11102
Cabonne (A)	2011	0	796
Cabonne (A)	2011	1	11538
Cabonne (A)	2016	0	796
Cabonne (A)	2016	1	11515
Camden (A)	2006	0	7675
Camden (A)	2006	1	39608
Camden (A)	2011	0	9009
Camden (A)	2011	1	45510
Camden (A)	2016	0	13768
Camden (A)	2016	1	60543
Campbelltown (C) (NSW)	2006	0	37487
Campbelltown (C) (NSW)	2006	1	95545
Campbelltown (C) (NSW)	2011	0	41133
Campbelltown (C) (NSW)	2011	1	96283
Campbelltown (C) (NSW)	2016	0	49325
Campbelltown (C) (NSW)	2016	1	97314
Canada Bay (A)	2006	0	20675
Canada Bay (A)	2006	1	39689
Canada Bay (A)	2011	0	26913
Canada Bay (A)	2011	1	43940
Canada Bay (A)	2016	0	35675
Canada Bay (A)	2016	1	46864
Canterbury-Bankstown (A)	2006	0	122053
Canterbury-Bankstown (A)	2006	1	154453
Canterbury-Bankstown (A)	2011	0	134852
Canterbury-Bankstown (A)	2011	1	163932
Canterbury-Bankstown (A)	2016	0	152698
Canterbury-Bankstown (A)	2016	1	171649
Carrathool (A)	2006	0	186
Carrathool (A)	2006	1	2413
Carrathool (A)	2011	0	198
Carrathool (A)	2011	1	2257
Carrathool (A)	2016	0	263
Carrathool (A)	2016	1	2180
Central Coast (C) (NSW)	2006	0	39642
Central Coast (C) (NSW)	2006	1	237263
Central Coast (C) (NSW)	2011	0	43785
Central Coast (C) (NSW)	2011	1	251642
Central Coast (C) (NSW)	2016	0	48054
Central Coast (C) (NSW)	2016	1	258376
Central Darling (A)	2006	0	92
Central Darling (A)	2006	1	1705
Central Darling (A)	2011	0	117
Central Darling (A)	2011	1	1765
Central Darling (A)	2016	0	81
Central Darling (A)	2016	1	1457
Cessnock (C)	2006	0	2911
Cessnock (C)	2006	1	40580
Cessnock (C)	2011	0	3339
Cessnock (C)	2011	1	44657
Cessnock (C)	2016	0	3492
Cessnock (C)	2016	1	47595
Clarence Valley (A)	2006	0	3257
Clarence Valley (A)	2006	1	42264
Clarence Valley (A)	2011	0	3644
Clarence Valley (A)	2011	1	43577
Clarence Valley (A)	2016	0	3819
Clarence Valley (A)	2016	1	42432
Cobar (A)	2006	0	276
Cobar (A)	2006	1	4188
Cobar (A)	2011	0	318
Cobar (A)	2011	1	3975
Cobar (A)	2016	0	326
Cobar (A)	2016	1	3716
Coffs Harbour (C)	2006	0	7502
Coffs Harbour (C)	2006	1	53902
Coffs Harbour (C)	2011	0	8831
Coffs Harbour (C)	2011	1	56182
Coffs Harbour (C)	2016	0	10145
Coffs Harbour (C)	2016	1	57154
Coolamon (A)	2006	0	162
Coolamon (A)	2006	1	3697
Coolamon (A)	2011	0	172
Coolamon (A)	2011	1	3695
Coolamon (A)	2016	0	164
Coolamon (A)	2016	1	3645
Coonamble (A)	2006	0	106
Coonamble (A)	2006	1	3870
Coonamble (A)	2011	0	91
Coonamble (A)	2011	1	3643
Coonamble (A)	2016	0	104
Coonamble (A)	2016	1	3160
Cowra (A)	2006	0	701
Cowra (A)	2006	1	11160
Cowra (A)	2011	0	711
Cowra (A)	2011	1	10557
Cowra (A)	2016	0	754
Cowra (A)	2016	1	10532
Cumberland (A)	2006	0	77470
Cumberland (A)	2006	1	81621
Cumberland (A)	2011	0	92717
Cumberland (A)	2011	1	86745
Cumberland (A)	2016	0	112879
Cumberland (A)	2016	1	90056
Dungog (A)	2006	0	389
Dungog (A)	2006	1	7157
Dungog (A)	2011	0	408
Dungog (A)	2011	1	7488
Dungog (A)	2016	0	434
Dungog (A)	2016	1	7772
Edward River (A)	2006	0	497
Edward River (A)	2006	1	8048
Edward River (A)	2011	0	481
Edward River (A)	2011	1	7613
Edward River (A)	2016	0	568
Edward River (A)	2016	1	7262
Eurobodalla (A)	2006	0	4697
Eurobodalla (A)	2006	1	28375
Eurobodalla (A)	2011	0	4893
Eurobodalla (A)	2011	1	28602
Eurobodalla (A)	2016	0	4969
Eurobodalla (A)	2016	1	28881
Fairfield (C)	2006	0	92559
Fairfield (C)	2006	1	74700
Fairfield (C)	2011	0	98655
Fairfield (C)	2011	1	79555
Fairfield (C)	2016	0	107149
Fairfield (C)	2016	1	80775
Federation (A)	2006	0	820
Federation (A)	2006	1	10768
Federation (A)	2011	0	855
Federation (A)	2011	1	10682
Federation (A)	2016	0	845
Federation (A)	2016	1	10208
Forbes (A)	2006	0	339
Forbes (A)	2006	1	8425
Forbes (A)	2011	0	368
Forbes (A)	2011	1	8342
Forbes (A)	2016	0	386
Forbes (A)	2016	1	8216
Georges River (A)	2006	0	47177
Georges River (A)	2006	1	70867
Georges River (A)	2011	0	55948
Georges River (A)	2011	1	72738
Georges River (A)	2016	0	66916
Georges River (A)	2016	1	73047
Gilgandra (A)	2006	0	139
Gilgandra (A)	2006	1	4068
Gilgandra (A)	2011	0	155
Gilgandra (A)	2011	1	3923
Gilgandra (A)	2016	0	158
Gilgandra (A)	2016	1	3679
Glen Innes Severn (A)	2006	0	466
Glen Innes Severn (A)	2006	1	7829
Glen Innes Severn (A)	2011	0	551
Glen Innes Severn (A)	2011	1	7655
Glen Innes Severn (A)	2016	0	581
Glen Innes Severn (A)	2016	1	7219
Goulburn Mulwaree (A)	2006	0	2004
Goulburn Mulwaree (A)	2006	1	22537
Goulburn Mulwaree (A)	2011	0	2367
Goulburn Mulwaree (A)	2011	1	23785
Goulburn Mulwaree (A)	2016	0	2945
Goulburn Mulwaree (A)	2016	1	24472
Greater Hume Shire (A)	2006	0	525
Greater Hume Shire (A)	2006	1	8746
Greater Hume Shire (A)	2011	0	567
Greater Hume Shire (A)	2011	1	8710
Greater Hume Shire (A)	2016	0	614
Greater Hume Shire (A)	2016	1	8918
Griffith (C)	2006	0	3815
Griffith (C)	2006	1	18199
Griffith (C)	2011	0	4317
Griffith (C)	2011	1	18411
Griffith (C)	2016	0	4819
Griffith (C)	2016	1	18126
Gundagai (A)	2006	0	473
Gundagai (A)	2006	1	10003
Gundagai (A)	2011	0	525
Gundagai (A)	2011	1	9822
Gundagai (A)	2016	0	615
Gundagai (A)	2016	1	9536
Gunnedah (A)	2006	0	427
Gunnedah (A)	2006	1	10465
Gunnedah (A)	2011	0	483
Gunnedah (A)	2011	1	10768
Gunnedah (A)	2016	0	583
Gunnedah (A)	2016	1	10502
Gwydir (A)	2006	0	201
Gwydir (A)	2006	1	4827
Gwydir (A)	2011	0	197
Gwydir (A)	2011	1	4606
Gwydir (A)	2016	0	212
Gwydir (A)	2016	1	4433
Hawkesbury (C)	2006	0	7680
Hawkesbury (C)	2006	1	49116
Hawkesbury (C)	2011	0	7849
Hawkesbury (C)	2011	1	51240
Hawkesbury (C)	2016	0	7938
Hawkesbury (C)	2016	1	52539
Hay (A)	2006	0	165
Hay (A)	2006	1	3061
Hay (A)	2011	0	170
Hay (A)	2011	1	2610
Hay (A)	2016	0	188
Hay (A)	2016	1	2350
Hilltops (A)	2006	0	974
Hilltops (A)	2006	1	16042
Hilltops (A)	2011	0	1025
Hilltops (A)	2011	1	16175
Hilltops (A)	2016	0	1145
Hilltops (A)	2016	1	15814
Hornsby (A)	2006	0	40766
Hornsby (A)	2006	1	85865
Hornsby (A)	2011	0	46392
Hornsby (A)	2011	1	86539
Hornsby (A)	2016	0	52795
Hornsby (A)	2016	1	84949
Hunters Hill (A)	2006	0	3353
Hunters Hill (A)	2006	1	8934
Hunters Hill (A)	2011	0	3442
Hunters Hill (A)	2011	1	9248
Hunters Hill (A)	2016	0	3684
Hunters Hill (A)	2016	1	9508
Inner West (A)	2006	0	54981
Inner West (A)	2006	1	90026
Inner West (A)	2011	0	59281
Inner West (A)	2011	1	99050
Inner West (A)	2016	0	62406
Inner West (A)	2016	1	105719
Inverell (A)	2006	0	726
Inverell (A)	2006	1	13995
Inverell (A)	2011	0	1001
Inverell (A)	2011	1	14292
Inverell (A)	2016	0	1044
Inverell (A)	2016	1	13875
Junee (A)	2006	0	370
Junee (A)	2006	1	5036
Junee (A)	2011	0	401
Junee (A)	2011	1	5175
Junee (A)	2016	0	469
Junee (A)	2016	1	5191
Kempsey (A)	2006	0	1895
Kempsey (A)	2006	1	23668
Kempsey (A)	2011	0	1970
Kempsey (A)	2011	1	24525
Kempsey (A)	2016	0	2052
Kempsey (A)	2016	1	23939
Kiama (A)	2006	0	2410
Kiama (A)	2006	1	15679
Kiama (A)	2011	0	2780
Kiama (A)	2011	1	16476
Kiama (A)	2016	0	2962
Kiama (A)	2016	1	17036
Ku-ring-gai (A)	2006	0	32848
Ku-ring-gai (A)	2006	1	64199
Ku-ring-gai (A)	2011	0	38833
Ku-ring-gai (A)	2011	1	66463
Ku-ring-gai (A)	2016	0	45965
Ku-ring-gai (A)	2016	1	67679
Kyogle (A)	2006	0	786
Kyogle (A)	2006	1	7997
Kyogle (A)	2011	0	860
Kyogle (A)	2011	1	7840
Kyogle (A)	2016	0	850
Kyogle (A)	2016	1	7144
Lachlan (A)	2006	0	186
Lachlan (A)	2006	1	6110
Lachlan (A)	2011	0	231
Lachlan (A)	2011	1	5912
Lachlan (A)	2016	0	236
Lachlan (A)	2016	1	5163
Lake Macquarie (C)	2006	0	17109
Lake Macquarie (C)	2006	1	156313
Lake Macquarie (C)	2011	0	18353
Lake Macquarie (C)	2011	1	162899
Lake Macquarie (C)	2016	0	19694
Lake Macquarie (C)	2016	1	168252
Lane Cove (A)	2006	0	9064
Lane Cove (A)	2006	1	19212
Lane Cove (A)	2011	0	10326
Lane Cove (A)	2011	1	19900
Lane Cove (A)	2016	0	13067
Lane Cove (A)	2016	1	21270
Leeton (A)	2006	0	767
Leeton (A)	2006	1	9556
Leeton (A)	2011	0	719
Leeton (A)	2011	1	9592
Leeton (A)	2016	0	903
Leeton (A)	2016	1	9091
Lismore (C)	2006	0	3600
Lismore (C)	2006	1	36451
Lismore (C)	2011	0	3993
Lismore (C)	2011	1	36772
Lismore (C)	2016	0	4048
Lismore (C)	2016	1	35360
Lithgow (C)	2006	0	1716
Lithgow (C)	2006	1	16838
Lithgow (C)	2011	0	1813
Lithgow (C)	2011	1	17105
Lithgow (C)	2016	0	1966
Lithgow (C)	2016	1	16782
Liverpool (C)	2006	0	62169
Liverpool (C)	2006	1	88531
Liverpool (C)	2011	0	71713
Liverpool (C)	2011	1	96915
Liverpool (C)	2016	0	83346
Liverpool (C)	2016	1	105550
Liverpool Plains (A)	2006	0	317
Liverpool Plains (A)	2006	1	6638
Liverpool Plains (A)	2011	0	385
Liverpool Plains (A)	2011	1	6676
Liverpool Plains (A)	2016	0	342
Liverpool Plains (A)	2016	1	6505
Lockhart (A)	2006	0	132
Lockhart (A)	2006	1	2912
Lockhart (A)	2011	0	134
Lockhart (A)	2011	1	2729
Lockhart (A)	2016	0	147
Lockhart (A)	2016	1	2643
Maitland (C)	2006	0	4340
Maitland (C)	2006	1	54122
Maitland (C)	2011	0	5158
Maitland (C)	2011	1	59258
Maitland (C)	2016	0	6151
Maitland (C)	2016	1	66989
Mid-Coast (A)	2006	0	6990
Mid-Coast (A)	2006	1	70940
Mid-Coast (A)	2011	0	7774
Mid-Coast (A)	2011	1	73014
Mid-Coast (A)	2016	0	8449
Mid-Coast (A)	2016	1	74289
Mid-Western Regional (A)	2006	0	1746
Mid-Western Regional (A)	2006	1	17959
Mid-Western Regional (A)	2011	0	1816
Mid-Western Regional (A)	2011	1	19087
Mid-Western Regional (A)	2016	0	1811
Mid-Western Regional (A)	2016	1	19525
Moree Plains (A)	2006	0	603
Moree Plains (A)	2006	1	11913
Moree Plains (A)	2011	0	608
Moree Plains (A)	2011	1	11580
Moree Plains (A)	2016	0	688
Moree Plains (A)	2016	1	10675
Mosman (A)	2006	0	7830
Mosman (A)	2006	1	16327
Mosman (A)	2011	0	8847
Mosman (A)	2011	1	16632
Mosman (A)	2016	0	9515
Mosman (A)	2016	1	16952
Murray River (A)	2006	0	578
Murray River (A)	2006	1	9452
Murray River (A)	2011	0	705
Murray River (A)	2011	1	9599
Murray River (A)	2016	0	814
Murray River (A)	2016	1	9785
Murrumbidgee (A)	2006	0	240
Murrumbidgee (A)	2006	1	3619
Murrumbidgee (A)	2011	0	214
Murrumbidgee (A)	2011	1	3267
Murrumbidgee (A)	2016	0	231
Murrumbidgee (A)	2016	1	3107
Muswellbrook (A)	2006	0	845
Muswellbrook (A)	2006	1	13399
Muswellbrook (A)	2011	0	1136
Muswellbrook (A)	2011	1	13644
Muswellbrook (A)	2016	0	1271
Muswellbrook (A)	2016	1	13589
Nambucca (A)	2006	0	1653
Nambucca (A)	2006	1	15021
Nambucca (A)	2011	0	1778
Nambucca (A)	2011	1	15864
Nambucca (A)	2016	0	1760
Nambucca (A)	2016	1	15653
Narrabri (A)	2006	0	500
Narrabri (A)	2006	1	11762
Narrabri (A)	2011	0	517
Narrabri (A)	2011	1	11573
Narrabri (A)	2016	0	550
Narrabri (A)	2016	1	10905
Narrandera (A)	2006	0	241
Narrandera (A)	2006	1	5452
Narrandera (A)	2011	0	262
Narrandera (A)	2011	1	5162
Narrandera (A)	2016	0	274
Narrandera (A)	2016	1	4859
Narromine (A)	2006	0	259
Narromine (A)	2006	1	5908
Narromine (A)	2011	0	249
Narromine (A)	2011	1	5965
Narromine (A)	2016	0	235
Narromine (A)	2016	1	5484
Newcastle (C)	2006	0	16095
Newcastle (C)	2006	1	116232
Newcastle (C)	2011	0	18480
Newcastle (C)	2011	1	122228
Newcastle (C)	2016	0	21638
Newcastle (C)	2016	1	126387
North Sydney (A)	2006	0	19489
North Sydney (A)	2006	1	32257
North Sydney (A)	2011	0	22741
North Sydney (A)	2011	1	34067
North Sydney (A)	2016	0	25680
North Sydney (A)	2016	1	36674
Northern Beaches (A)	2006	0	57740
Northern Beaches (A)	2006	1	152725
Northern Beaches (A)	2011	0	65830
Northern Beaches (A)	2011	1	161082
Northern Beaches (A)	2016	0	73076
Northern Beaches (A)	2016	1	166494
Oberon (A)	2006	0	442
Oberon (A)	2006	1	4297
Oberon (A)	2011	0	496
Oberon (A)	2011	1	4318
Oberon (A)	2016	0	481
Oberon (A)	2016	1	4173
Orange (C)	2006	0	2515
Orange (C)	2006	1	30500
Orange (C)	2011	0	3242
Orange (C)	2011	1	32454
Orange (C)	2016	0	3784
Orange (C)	2016	1	33654
Parkes (A)	2006	0	622
Parkes (A)	2006	1	12927
Parkes (A)	2011	0	699
Parkes (A)	2011	1	12848
Parkes (A)	2016	0	779
Parkes (A)	2016	1	12328
Parramatta (C)	2006	0	69153
Parramatta (C)	2006	1	93140
Parramatta (C)	2011	0	86540
Parramatta (C)	2011	1	97147
Parramatta (C)	2016	0	112203
Parramatta (C)	2016	1	101064
Penrith (C)	2006	0	35358
Penrith (C)	2006	1	127055
Penrith (C)	2011	0	37285
Penrith (C)	2011	1	132673
Penrith (C)	2016	0	42400
Penrith (C)	2016	1	141876
Port Macquarie-Hastings (A)	2006	0	7158
Port Macquarie-Hastings (A)	2006	1	57223
Port Macquarie-Hastings (A)	2011	0	8050
Port Macquarie-Hastings (A)	2011	1	61026
Port Macquarie-Hastings (A)	2016	0	8960
Port Macquarie-Hastings (A)	2016	1	63862
Port Stephens (A)	2006	0	6343
Port Stephens (A)	2006	1	50486
Port Stephens (A)	2011	0	7116
Port Stephens (A)	2011	1	53874
Port Stephens (A)	2016	0	7680
Port Stephens (A)	2016	1	56262
Queanbeyan-Palerang Regional (A)	2006	0	7864
Queanbeyan-Palerang Regional (A)	2006	1	37019
Queanbeyan-Palerang Regional (A)	2011	0	9065
Queanbeyan-Palerang Regional (A)	2011	1	40383
Queanbeyan-Palerang Regional (A)	2016	0	9680
Queanbeyan-Palerang Regional (A)	2016	1	41998
Randwick (C)	2006	0	42857
Randwick (C)	2006	1	65544
Randwick (C)	2011	0	49646
Randwick (C)	2011	1	69562
Randwick (C)	2016	0	57601
Randwick (C)	2016	1	72379
Richmond Valley (A)	2006	0	1056
Richmond Valley (A)	2006	1	19123
Richmond Valley (A)	2011	0	1214
Richmond Valley (A)	2011	1	19599
Richmond Valley (A)	2016	0	1292
Richmond Valley (A)	2016	1	19421
Rockdale (C)	2006	0	38004
Rockdale (C)	2006	1	45811
Rockdale (C)	2011	0	42395
Rockdale (C)	2011	1	48405
Rockdale (C)	2016	0	51214
Rockdale (C)	2016	1	50635
Ryde (C)	2006	0	36466
Ryde (C)	2006	1	53746
Ryde (C)	2011	0	43544
Ryde (C)	2011	1	54661
Ryde (C)	2016	0	54679
Ryde (C)	2016	1	56433
Shellharbour (C)	2006	0	11026
Shellharbour (C)	2006	1	45642
Shellharbour (C)	2011	0	11303
Shellharbour (C)	2011	1	49741
Shellharbour (C)	2016	0	11410
Shellharbour (C)	2016	1	52953
Shoalhaven (C)	2006	0	11160
Shoalhaven (C)	2006	1	71791
Shoalhaven (C)	2011	0	11747
Shoalhaven (C)	2011	1	75201
Shoalhaven (C)	2016	0	12771
Shoalhaven (C)	2016	1	78741
Singleton (A)	2006	0	1607
Singleton (A)	2006	1	19100
Singleton (A)	2011	0	1863
Singleton (A)	2011	1	19771
Singleton (A)	2016	0	1812
Singleton (A)	2016	1	19291
Snowy Monaro Regional (A)	2006	0	2382
Snowy Monaro Regional (A)	2006	1	14917
Snowy Monaro Regional (A)	2011	0	2466
Snowy Monaro Regional (A)	2011	1	15667
Snowy Monaro Regional (A)	2016	0	2587
Snowy Monaro Regional (A)	2016	1	15637
Snowy Valleys (A)	2006	0	1052
Snowy Valleys (A)	2006	1	12444
Snowy Valleys (A)	2011	0	1209
Snowy Valleys (A)	2011	1	12334
Snowy Valleys (A)	2016	0	1206
Snowy Valleys (A)	2016	1	11711
Strathfield (A)	2006	0	15946
Strathfield (A)	2006	1	13258
Strathfield (A)	2011	0	18532
Strathfield (A)	2011	1	14014
Strathfield (A)	2016	0	22710
Strathfield (A)	2016	1	14801
Sutherland Shire (A)	2006	0	33977
Sutherland Shire (A)	2006	1	160512
Sutherland Shire (A)	2011	0	36559
Sutherland Shire (A)	2011	1	166122
Sutherland Shire (A)	2016	0	39482
Sutherland Shire (A)	2016	1	169667
Sydney (C)	2006	0	54552
Sydney (C)	2006	1	63429
Sydney (C)	2011	0	72137
Sydney (C)	2011	1	74588
Sydney (C)	2016	0	99761
Sydney (C)	2016	1	82098
Tamworth Regional (A)	2006	0	2719
Tamworth Regional (A)	2006	1	48150
Tamworth Regional (A)	2011	0	2967
Tamworth Regional (A)	2011	1	50162
Tamworth Regional (A)	2016	0	4048
Tamworth Regional (A)	2016	1	50479
Temora (A)	2006	0	217
Temora (A)	2006	1	5337
Temora (A)	2011	0	245
Temora (A)	2011	1	5255
Temora (A)	2016	0	287
Temora (A)	2016	1	5383
Tenterfield (A)	2006	0	464
Tenterfield (A)	2006	1	5766
Tenterfield (A)	2011	0	512
Tenterfield (A)	2011	1	5854
Tenterfield (A)	2016	0	507
Tenterfield (A)	2016	1	5262
The Hills Shire (A)	2006	0	38438
The Hills Shire (A)	2006	1	88940
The Hills Shire (A)	2011	0	44825
The Hills Shire (A)	2011	1	93142
The Hills Shire (A)	2016	0	55249
The Hills Shire (A)	2016	1	96977
Tweed (A)	2006	0	11311
Tweed (A)	2006	1	62563
Tweed (A)	2011	0	12782
Tweed (A)	2011	1	67476
Tweed (A)	2016	0	13348
Tweed (A)	2016	1	70497
Upper Hunter Shire (A)	2006	0	804
Upper Hunter Shire (A)	2006	1	11458
Upper Hunter Shire (A)	2011	0	930
Upper Hunter Shire (A)	2011	1	12095
Upper Hunter Shire (A)	2016	0	1057
Upper Hunter Shire (A)	2016	1	11559
Upper Lachlan Shire (A)	2006	0	480
Upper Lachlan Shire (A)	2006	1	6066
Upper Lachlan Shire (A)	2011	0	532
Upper Lachlan Shire (A)	2011	1	6310
Upper Lachlan Shire (A)	2016	0	516
Upper Lachlan Shire (A)	2016	1	6433
Uralla (A)	2006	0	389
Uralla (A)	2006	1	5093
Uralla (A)	2011	0	380
Uralla (A)	2011	1	5360
Uralla (A)	2016	0	394
Uralla (A)	2016	1	5137
Wagga Wagga (C)	2006	0	3692
Wagga Wagga (C)	2006	1	50664
Wagga Wagga (C)	2011	0	4677
Wagga Wagga (C)	2011	1	52234
Wagga Wagga (C)	2016	0	5846
Wagga Wagga (C)	2016	1	52510
Walcha (A)	2006	0	157
Walcha (A)	2006	1	2891
Walcha (A)	2011	0	152
Walcha (A)	2011	1	2742
Walcha (A)	2016	0	153
Walcha (A)	2016	1	2545
Walgett (A)	2006	0	688
Walgett (A)	2006	1	5679
Walgett (A)	2011	0	686
Walgett (A)	2011	1	5117
Walgett (A)	2016	0	558
Walgett (A)	2016	1	4715
Warren (A)	2006	0	81
Warren (A)	2006	1	2513
Warren (A)	2011	0	112
Warren (A)	2011	1	2499
Warren (A)	2016	0	120
Warren (A)	2016	1	2275
Warrumbungle Shire (A)	2006	0	574
Warrumbungle Shire (A)	2006	1	8609
Warrumbungle Shire (A)	2011	0	524
Warrumbungle Shire (A)	2011	1	8381
Warrumbungle Shire (A)	2016	0	553
Warrumbungle Shire (A)	2016	1	7657
Waverley (A)	2006	0	20999
Waverley (A)	2006	1	29337
Waverley (A)	2011	0	24003
Waverley (A)	2011	1	32378
Waverley (A)	2016	0	26028
Waverley (A)	2016	1	33569
Weddin (A)	2006	0	185
Weddin (A)	2006	1	3307
Weddin (A)	2011	0	182
Weddin (A)	2011	1	3264
Weddin (A)	2016	0	207
Weddin (A)	2016	1	3082
Wentworth (A)	2006	0	368
Wentworth (A)	2006	1	5958
Wentworth (A)	2011	0	351
Wentworth (A)	2011	1	5855
Wentworth (A)	2016	0	360
Wentworth (A)	2016	1	5650
Western Plains Regional (A)	2006	0	2185
Western Plains Regional (A)	2006	1	40210
Western Plains Regional (A)	2011	0	2584
Western Plains Regional (A)	2011	1	42258
Western Plains Regional (A)	2016	0	3607
Western Plains Regional (A)	2016	1	42080
Willoughby (C)	2006	0	24952
Willoughby (C)	2006	1	34137
Willoughby (C)	2011	0	28553
Willoughby (C)	2011	1	35587
Willoughby (C)	2016	0	33849
Willoughby (C)	2016	1	36692
Wingecarribee (A)	2006	0	6185
Wingecarribee (A)	2006	1	33540
Wingecarribee (A)	2011	0	6736
Wingecarribee (A)	2011	1	35573
Wingecarribee (A)	2016	0	7607
Wingecarribee (A)	2016	1	36901
Wollondilly (A)	2006	0	5025
Wollondilly (A)	2006	1	33026
Wollondilly (A)	2011	0	5373
Wollondilly (A)	2011	1	35945
Wollondilly (A)	2016	0	5729
Wollondilly (A)	2016	1	39803
Wollongong (C)	2006	0	39674
Wollongong (C)	2006	1	132883
Wollongong (C)	2011	0	41936
Wollongong (C)	2011	1	141102
Wollongong (C)	2016	0	43917
Wollongong (C)	2016	1	147934
Woollahra (A)	2006	0	15447
Woollahra (A)	2006	1	28039
Woollahra (A)	2011	0	16514
Woollahra (A)	2011	1	30050
Woollahra (A)	2016	0	17647
Woollahra (A)	2016	1	31550
Yass Valley (A)	2006	0	1397
Yass Valley (A)	2006	1	11101
Yass Valley (A)	2011	0	1600
Yass Valley (A)	2011	1	12610
Yass Valley (A)	2016	0	1664
Yass Valley (A)	2016	1	13312
Unincorporated NSW	2006	0	80
Unincorporated NSW	2006	1	926
Unincorporated NSW	2011	0	84
Unincorporated NSW	2011	1	938
Unincorporated NSW	2016	0	86
Unincorporated NSW	2016	1	839
No usual address (NSW)	2006	0	2677
No usual address (NSW)	2006	1	6403
No usual address (NSW)	2011	0	3121
No usual address (NSW)	2011	1	8280
No usual address (NSW)	2016	0	3012
No usual address (NSW)	2016	1	7028
Migratory - Offshore - Shipping (NSW)	2006	0	5
Migratory - Offshore - Shipping (NSW)	2006	1	46
Migratory - Offshore - Shipping (NSW)	2011	0	44
Migratory - Offshore - Shipping (NSW)	2011	1	63
Migratory - Offshore - Shipping (NSW)	2016	0	142
Migratory - Offshore - Shipping (NSW)	2016	1	232
Alpine (S)	2006	0	1773
Alpine (S)	2006	1	9527
Alpine (S)	2011	0	1784
Alpine (S)	2011	1	9565
Alpine (S)	2016	0	1700
Alpine (S)	2016	1	9423
Ararat (RC)	2006	0	781
Ararat (RC)	2006	1	9955
Ararat (RC)	2011	0	981
Ararat (RC)	2011	1	9695
Ararat (RC)	2016	0	1106
Ararat (RC)	2016	1	9546
Ballarat (C)	2006	0	6646
Ballarat (C)	2006	1	73617
Ballarat (C)	2011	0	8092
Ballarat (C)	2011	1	80795
Ballarat (C)	2016	0	9655
Ballarat (C)	2016	1	85068
Banyule (C)	2006	0	22699
Banyule (C)	2006	1	86173
Banyule (C)	2011	0	26186
Banyule (C)	2011	1	87377
Banyule (C)	2016	0	28609
Banyule (C)	2016	1	87093
Bass Coast (S)	2006	0	3763
Bass Coast (S)	2006	1	20507
Bass Coast (S)	2011	0	4420
Bass Coast (S)	2011	1	23465
Bass Coast (S)	2016	0	4740
Bass Coast (S)	2016	1	25155
Baw Baw (S)	2006	0	3640
Baw Baw (S)	2006	1	31629
Baw Baw (S)	2011	0	4453
Baw Baw (S)	2011	1	36582
Baw Baw (S)	2016	0	5253
Baw Baw (S)	2016	1	39415
Bayside (C)	2006	0	19682
Bayside (C)	2006	1	63010
Bayside (C)	2011	0	22478
Bayside (C)	2011	1	65051
Bayside (C)	2016	0	24830
Bayside (C)	2016	1	66948
Benalla (RC)	2006	0	1029
Benalla (RC)	2006	1	11833
Benalla (RC)	2011	0	1098
Benalla (RC)	2011	1	11973
Benalla (RC)	2016	0	1094
Benalla (RC)	2016	1	11455
Boroondara (C)	2006	0	39516
Boroondara (C)	2006	1	106410
Boroondara (C)	2011	0	45028
Boroondara (C)	2011	1	107741
Boroondara (C)	2016	0	51744
Boroondara (C)	2016	1	107415
Brimbank (C)	2006	0	72873
Brimbank (C)	2006	1	82916
Brimbank (C)	2011	0	84291
Brimbank (C)	2011	1	85773
Brimbank (C)	2016	0	93001
Brimbank (C)	2016	1	87161
Buloke (S)	2006	0	292
Buloke (S)	2006	1	6227
Buloke (S)	2011	0	355
Buloke (S)	2011	1	5764
Buloke (S)	2016	0	344
Buloke (S)	2016	1	5200
Campaspe (S)	2006	0	2055
Campaspe (S)	2006	1	32180
Campaspe (S)	2011	0	2296
Campaspe (S)	2011	1	32141
Campaspe (S)	2016	0	2506
Campaspe (S)	2016	1	31242
Cardinia (S)	2006	0	8119
Cardinia (S)	2006	1	45680
Cardinia (S)	2011	0	12240
Cardinia (S)	2011	1	58634
Cardinia (S)	2016	0	17845
Cardinia (S)	2016	1	70374
Casey (C)	2006	0	65204
Casey (C)	2006	1	136487
Casey (C)	2011	0	88108
Casey (C)	2011	1	153515
Casey (C)	2016	0	114422
Casey (C)	2016	1	168029
Central Goldfields (S)	2006	0	958
Central Goldfields (S)	2006	1	10718
Central Goldfields (S)	2011	0	1055
Central Goldfields (S)	2011	1	10806
Central Goldfields (S)	2016	0	1160
Central Goldfields (S)	2016	1	10650
Colac-Otway (S)	2006	0	1367
Colac-Otway (S)	2006	1	17720
Colac-Otway (S)	2011	0	1536
Colac-Otway (S)	2011	1	17846
Colac-Otway (S)	2016	0	1808
Colac-Otway (S)	2016	1	17452
Corangamite (S)	2006	0	1040
Corangamite (S)	2006	1	14707
Corangamite (S)	2011	0	1086
Corangamite (S)	2011	1	14592
Corangamite (S)	2016	0	1018
Corangamite (S)	2016	1	13538
Darebin (C)	2006	0	40990
Darebin (C)	2006	1	76531
Darebin (C)	2011	0	46081
Darebin (C)	2011	1	81884
Darebin (C)	2016	0	48845
Darebin (C)	2016	1	86911
East Gippsland (S)	2006	0	4099
East Gippsland (S)	2006	1	33539
East Gippsland (S)	2011	0	4546
East Gippsland (S)	2011	1	35471
East Gippsland (S)	2016	0	4883
East Gippsland (S)	2016	1	35616
Frankston (C)	2006	0	24553
Frankston (C)	2006	1	84691
Frankston (C)	2011	0	27581
Frankston (C)	2011	1	91792
Frankston (C)	2016	0	28846
Frankston (C)	2016	1	95936
Gannawarra (S)	2006	0	536
Gannawarra (S)	2006	1	10132
Gannawarra (S)	2011	0	517
Gannawarra (S)	2011	1	9282
Gannawarra (S)	2016	0	548
Gannawarra (S)	2016	1	9121
Glen Eira (C)	2006	0	39532
Glen Eira (C)	2006	1	75192
Glen Eira (C)	2011	0	45927
Glen Eira (C)	2011	1	78993
Glen Eira (C)	2016	0	51751
Glen Eira (C)	2016	1	82030
Glenelg (S)	2006	0	1390
Glenelg (S)	2006	1	17237
Glenelg (S)	2011	0	1526
Glenelg (S)	2011	1	17073
Glenelg (S)	2016	0	1491
Glenelg (S)	2016	1	16172
Golden Plains (S)	2006	0	1680
Golden Plains (S)	2006	1	13976
Golden Plains (S)	2011	0	1945
Golden Plains (S)	2011	1	16065
Golden Plains (S)	2016	0	2021
Golden Plains (S)	2016	1	18227
Greater Bendigo (C)	2006	0	5575
Greater Bendigo (C)	2006	1	82846
Greater Bendigo (C)	2011	0	7027
Greater Bendigo (C)	2011	1	88829
Greater Bendigo (C)	2016	0	8817
Greater Bendigo (C)	2016	1	93321
Greater Dandenong (C)	2006	0	64587
Greater Dandenong (C)	2006	1	50703
Greater Dandenong (C)	2011	0	76130
Greater Dandenong (C)	2011	1	51611
Greater Dandenong (C)	2016	0	87766
Greater Dandenong (C)	2016	1	54480
Greater Geelong (C)	2006	0	31199
Greater Geelong (C)	2006	1	155846
Greater Geelong (C)	2011	0	33542
Greater Geelong (C)	2011	1	167646
Greater Geelong (C)	2016	0	37981
Greater Geelong (C)	2016	1	179938
Greater Shepparton (C)	2006	0	6201
Greater Shepparton (C)	2006	1	47345
Greater Shepparton (C)	2011	0	7947
Greater Shepparton (C)	2011	1	48847
Greater Shepparton (C)	2016	0	9501
Greater Shepparton (C)	2016	1	48491
Hepburn (S)	2006	0	1611
Hepburn (S)	2006	1	11125
Hepburn (S)	2011	0	1854
Hepburn (S)	2011	1	11700
Hepburn (S)	2016	0	2024
Hepburn (S)	2016	1	11648
Hindmarsh (S)	2006	0	338
Hindmarsh (S)	2006	1	5451
Hindmarsh (S)	2011	0	397
Hindmarsh (S)	2011	1	5160
Hindmarsh (S)	2016	0	472
Hindmarsh (S)	2016	1	4775
Hobsons Bay (C)	2006	0	23684
Hobsons Bay (C)	2006	1	51917
Hobsons Bay (C)	2011	0	25871
Hobsons Bay (C)	2011	1	53281
Hobsons Bay (C)	2016	0	27099
Hobsons Bay (C)	2016	1	56174
Horsham (RC)	2006	0	902
Horsham (RC)	2006	1	16710
Horsham (RC)	2011	0	1110
Horsham (RC)	2011	1	17252
Horsham (RC)	2016	0	1188
Horsham (RC)	2016	1	17213
Hume (C)	2006	0	43204
Hume (C)	2006	1	94419
Hume (C)	2011	0	53970
Hume (C)	2011	1	103991
Hume (C)	2016	0	70535
Hume (C)	2016	1	113841
Indigo (S)	2006	0	1157
Indigo (S)	2006	1	12821
Indigo (S)	2011	0	1266
Indigo (S)	2011	1	13215
Indigo (S)	2016	0	1362
Indigo (S)	2016	1	13457
Kingston (C) (Vic.)	2006	0	38075
Kingston (C) (Vic.)	2006	1	87692
Kingston (C) (Vic.)	2011	0	43005
Kingston (C) (Vic.)	2011	1	92719
Kingston (C) (Vic.)	2016	0	47248
Kingston (C) (Vic.)	2016	1	95781
Knox (C)	2006	0	36959
Knox (C)	2006	1	103230
Knox (C)	2011	0	41497
Knox (C)	2011	1	103051
Knox (C)	2016	0	46505
Knox (C)	2016	1	100918
Latrobe (C) (Vic.)	2006	0	9160
Latrobe (C) (Vic.)	2006	1	55846
Latrobe (C) (Vic.)	2011	0	9943
Latrobe (C) (Vic.)	2011	1	58324
Latrobe (C) (Vic.)	2016	0	9111
Latrobe (C) (Vic.)	2016	1	57394
Loddon (S)	2006	0	506
Loddon (S)	2006	1	6891
Loddon (S)	2011	0	569
Loddon (S)	2011	1	6395
Loddon (S)	2016	0	616
Loddon (S)	2016	1	5973
Macedon Ranges (S)	2006	0	4832
Macedon Ranges (S)	2006	1	31404
Macedon Ranges (S)	2011	0	5414
Macedon Ranges (S)	2011	1	34741
Macedon Ranges (S)	2016	0	5735
Macedon Ranges (S)	2016	1	36794
Manningham (C)	2006	0	37455
Manningham (C)	2006	1	67023
Manningham (C)	2011	0	40669
Manningham (C)	2011	1	66756
Manningham (C)	2016	0	46376
Manningham (C)	2016	1	64768
Mansfield (S)	2006	0	792
Mansfield (S)	2006	1	5889
Mansfield (S)	2011	0	931
Mansfield (S)	2011	1	6606
Mansfield (S)	2016	0	948
Mansfield (S)	2016	1	6802
Maribyrnong (C)	2006	0	24506
Maribyrnong (C)	2006	1	33053
Maribyrnong (C)	2011	0	28423
Maribyrnong (C)	2011	1	37449
Maribyrnong (C)	2016	0	32989
Maribyrnong (C)	2016	1	43130
Maroondah (C)	2006	0	18460
Maroondah (C)	2006	1	75673
Maroondah (C)	2011	0	21807
Maroondah (C)	2011	1	78437
Maroondah (C)	2016	0	25600
Maroondah (C)	2016	1	79652
Melbourne (C)	2006	0	31738
Melbourne (C)	2006	1	33286
Melbourne (C)	2011	0	44532
Melbourne (C)	2011	1	38474
Melbourne (C)	2016	0	75797
Melbourne (C)	2016	1	44444
Melton (C)	2006	0	19221
Melton (C)	2006	1	54942
Melton (C)	2011	0	30365
Melton (C)	2011	1	73252
Melton (C)	2016	0	40613
Melton (C)	2016	1	86029
Mildura (RC)	2006	0	4735
Mildura (RC)	2006	1	41939
Mildura (RC)	2011	0	5167
Mildura (RC)	2011	1	42805
Mildura (RC)	2016	0	5810
Mildura (RC)	2016	1	42733
Mitchell (S)	2006	0	3284
Mitchell (S)	2006	1	25688
Mitchell (S)	2011	0	3803
Mitchell (S)	2011	1	28830
Mitchell (S)	2016	0	4718
Mitchell (S)	2016	1	32354
Moira (S)	2006	0	2209
Moira (S)	2006	1	23234
Moira (S)	2011	0	2523
Moira (S)	2011	1	23927
Moira (S)	2016	0	2673
Moira (S)	2016	1	23747
Monash (C)	2006	0	64066
Monash (C)	2006	1	87590
Monash (C)	2011	0	75806
Monash (C)	2011	1	86509
Monash (C)	2016	0	89590
Monash (C)	2016	1	84068
Moonee Valley (C)	2006	0	26849
Moonee Valley (C)	2006	1	68077
Moonee Valley (C)	2011	0	29409
Moonee Valley (C)	2011	1	72395
Moonee Valley (C)	2016	0	32265
Moonee Valley (C)	2016	1	76902
Moorabool (S)	2006	0	2937
Moorabool (S)	2006	1	21188
Moorabool (S)	2011	0	3427
Moorabool (S)	2011	1	23378
Moorabool (S)	2016	0	3921
Moorabool (S)	2016	1	25635
Moreland (C)	2006	0	43794
Moreland (C)	2006	1	81744
Moreland (C)	2011	0	49754
Moreland (C)	2011	1	88499
Moreland (C)	2016	0	55227
Moreland (C)	2016	1	96296
Mornington Peninsula (S)	2006	0	23395
Mornington Peninsula (S)	2006	1	101993
Mornington Peninsula (S)	2011	0	26272
Mornington Peninsula (S)	2011	1	110389
Mornington Peninsula (S)	2016	0	27624
Mornington Peninsula (S)	2016	1	116942
Mount Alexander (S)	2006	0	1611
Mount Alexander (S)	2006	1	14338
Mount Alexander (S)	2011	0	1889
Mount Alexander (S)	2011	1	14688
Mount Alexander (S)	2016	0	2156
Mount Alexander (S)	2016	1	14846
Moyne (S)	2006	0	881
Moyne (S)	2006	1	13673
Moyne (S)	2011	0	1067
Moyne (S)	2011	1	14134
Moyne (S)	2016	0	1191
Moyne (S)	2016	1	13843
Murrindindi (S)	2006	0	1525
Murrindindi (S)	2006	1	11061
Murrindindi (S)	2011	0	1519
Murrindindi (S)	2011	1	10744
Murrindindi (S)	2016	0	1517
Murrindindi (S)	2016	1	10866
Nillumbik (S)	2006	0	8498
Nillumbik (S)	2006	1	48756
Nillumbik (S)	2011	0	8996
Nillumbik (S)	2011	1	49457
Nillumbik (S)	2016	0	9543
Nillumbik (S)	2016	1	48955
Northern Grampians (S)	2006	0	680
Northern Grampians (S)	2006	1	10566
Northern Grampians (S)	2011	0	755
Northern Grampians (S)	2011	1	10428
Northern Grampians (S)	2016	0	841
Northern Grampians (S)	2016	1	9637
Port Phillip (C)	2006	0	23083
Port Phillip (C)	2006	1	50403
Port Phillip (C)	2011	0	28470
Port Phillip (C)	2011	1	55252
Port Phillip (C)	2016	0	31877
Port Phillip (C)	2016	1	58422
Pyrenees (S)	2006	0	570
Pyrenees (S)	2006	1	5545
Pyrenees (S)	2011	0	596
Pyrenees (S)	2011	1	5735
Pyrenees (S)	2016	0	681
Pyrenees (S)	2016	1	5864
Queenscliffe (B)	2006	0	296
Queenscliffe (B)	2006	1	2496
Queenscliffe (B)	2011	0	286
Queenscliffe (B)	2011	1	2529
Queenscliffe (B)	2016	0	297
Queenscliffe (B)	2016	1	2275
South Gippsland (S)	2006	0	2796
South Gippsland (S)	2006	1	21400
South Gippsland (S)	2011	0	3036
South Gippsland (S)	2011	1	22942
South Gippsland (S)	2016	0	3146
South Gippsland (S)	2016	1	22965
Southern Grampians (S)	2006	0	1037
Southern Grampians (S)	2006	1	14836
Southern Grampians (S)	2011	0	1189
Southern Grampians (S)	2011	1	14498
Southern Grampians (S)	2016	0	1181
Southern Grampians (S)	2016	1	13521
Stonnington (C)	2006	0	24396
Stonnington (C)	2006	1	56930
Stonnington (C)	2011	0	27409
Stonnington (C)	2011	1	59472
Stonnington (C)	2016	0	32732
Stonnington (C)	2016	1	63153
Strathbogie (S)	2006	0	740
Strathbogie (S)	2006	1	7983
Strathbogie (S)	2011	0	862
Strathbogie (S)	2011	1	8095
Strathbogie (S)	2016	0	924
Strathbogie (S)	2016	1	8343
Surf Coast (S)	2006	0	2341
Surf Coast (S)	2006	1	18129
Surf Coast (S)	2011	0	2958
Surf Coast (S)	2011	1	21699
Surf Coast (S)	2016	0	3353
Surf Coast (S)	2016	1	24170
Swan Hill (RC)	2006	0	1895
Swan Hill (RC)	2006	1	17329
Swan Hill (RC)	2011	0	2403
Swan Hill (RC)	2011	1	16749
Swan Hill (RC)	2016	0	2394
Swan Hill (RC)	2016	1	15364
Towong (S)	2006	0	468
Towong (S)	2006	1	5264
Towong (S)	2011	0	455
Towong (S)	2011	1	5235
Towong (S)	2016	0	485
Towong (S)	2016	1	4952
Wangaratta (RC)	2006	0	2137
Wangaratta (RC)	2006	1	22966
Wangaratta (RC)	2011	0	2146
Wangaratta (RC)	2011	1	23520
Wangaratta (RC)	2016	0	2282
Wangaratta (RC)	2016	1	23716
Warrnambool (C)	2006	0	1749
Warrnambool (C)	2006	1	26731
Warrnambool (C)	2011	0	2214
Warrnambool (C)	2011	1	27986
Warrnambool (C)	2016	0	2733
Warrnambool (C)	2016	1	28265
Wellington (S)	2006	0	4023
Wellington (S)	2006	1	33788
Wellington (S)	2011	0	4315
Wellington (S)	2011	1	34872
Wellington (S)	2016	0	4554
Wellington (S)	2016	1	34627
West Wimmera (S)	2006	0	233
West Wimmera (S)	2006	1	4049
West Wimmera (S)	2011	0	252
West Wimmera (S)	2011	1	3799
West Wimmera (S)	2016	0	235
West Wimmera (S)	2016	1	3400
Whitehorse (C)	2006	0	42227
Whitehorse (C)	2006	1	95712
Whitehorse (C)	2011	0	50637
Whitehorse (C)	2011	1	94353
Whitehorse (C)	2016	0	62351
Whitehorse (C)	2016	1	92759
Whittlesea (C)	2006	0	40756
Whittlesea (C)	2006	1	76905
Whittlesea (C)	2011	0	52007
Whittlesea (C)	2011	1	95567
Whittlesea (C)	2016	0	70138
Whittlesea (C)	2016	1	115305
Wodonga (C)	2006	0	3053
Wodonga (C)	2006	1	28676
Wodonga (C)	2011	0	3398
Wodonga (C)	2011	1	30714
Wodonga (C)	2016	0	3957
Wodonga (C)	2016	1	32683
Wyndham (C)	2006	0	28398
Wyndham (C)	2006	1	77035
Wyndham (C)	2011	0	54404
Wyndham (C)	2011	1	98655
Wyndham (C)	2016	0	90246
Wyndham (C)	2016	1	114544
Yarra (C)	2006	0	19170
Yarra (C)	2006	1	42676
Yarra (C)	2011	0	21530
Yarra (C)	2011	1	46592
Yarra (C)	2016	0	25136
Yarra (C)	2016	1	53060
Yarra Ranges (S)	2006	0	22812
Yarra Ranges (S)	2006	1	109718
Yarra Ranges (S)	2011	0	23647
Yarra Ranges (S)	2011	1	114891
Yarra Ranges (S)	2016	0	24419
Yarra Ranges (S)	2016	1	116547
Yarriambiack (S)	2006	0	349
Yarriambiack (S)	2006	1	6767
Yarriambiack (S)	2011	0	440
Yarriambiack (S)	2011	1	6218
Yarriambiack (S)	2016	0	399
Yarriambiack (S)	2016	1	5654
Unincorporated Vic	2006	0	107
Unincorporated Vic	2006	1	525
Unincorporated Vic	2011	0	143
Unincorporated Vic	2011	1	530
Unincorporated Vic	2016	0	156
Unincorporated Vic	2016	1	489
No usual address (Vic.)	2006	0	1700
No usual address (Vic.)	2006	1	4015
No usual address (Vic.)	2011	0	2235
No usual address (Vic.)	2011	1	5202
No usual address (Vic.)	2016	0	2011
No usual address (Vic.)	2016	1	4389
Migratory - Offshore - Shipping (Vic.)	2006	0	11
Migratory - Offshore - Shipping (Vic.)	2006	1	30
Migratory - Offshore - Shipping (Vic.)	2011	0	13
Migratory - Offshore - Shipping (Vic.)	2011	1	19
Migratory - Offshore - Shipping (Vic.)	2016	0	6
Migratory - Offshore - Shipping (Vic.)	2016	1	17
Aurukun (S)	2006	0	0
Aurukun (S)	2006	1	1041
Aurukun (S)	2011	0	0
Aurukun (S)	2011	1	1295
Aurukun (S)	2016	0	27
Aurukun (S)	2016	1	1218
Balonne (S)	2006	0	179
Balonne (S)	2006	1	4173
Balonne (S)	2011	0	221
Balonne (S)	2011	1	4213
Balonne (S)	2016	0	263
Balonne (S)	2016	1	3714
Banana (S)	2006	0	884
Banana (S)	2006	1	12891
Banana (S)	2011	0	1165
Banana (S)	2011	1	12533
Banana (S)	2016	0	1174
Banana (S)	2016	1	11836
Barcaldine (R)	2006	0	145
Barcaldine (R)	2006	1	2919
Barcaldine (R)	2011	0	177
Barcaldine (R)	2011	1	2832
Barcaldine (R)	2016	0	163
Barcaldine (R)	2016	1	2457
Barcoo (S)	2006	0	17
Barcoo (S)	2006	1	335
Barcoo (S)	2011	0	14
Barcoo (S)	2011	1	316
Barcoo (S)	2016	0	9
Barcoo (S)	2016	1	240
Blackall-Tambo (R)	2006	0	71
Blackall-Tambo (R)	2006	1	1855
Blackall-Tambo (R)	2011	0	105
Blackall-Tambo (R)	2011	1	2007
Blackall-Tambo (R)	2016	0	85
Blackall-Tambo (R)	2016	1	1679
Boulia (S)	2006	0	15
Boulia (S)	2006	1	367
Boulia (S)	2011	0	14
Boulia (S)	2011	1	434
Boulia (S)	2016	0	23
Boulia (S)	2016	1	326
Brisbane (C)	2006	0	229176
Brisbane (C)	2006	1	664238
Brisbane (C)	2011	0	295199
Brisbane (C)	2011	1	694257
Brisbane (C)	2016	0	346352
Brisbane (C)	2016	1	719165
Bulloo (S)	2006	0	14
Bulloo (S)	2006	1	340
Bulloo (S)	2011	0	19
Bulloo (S)	2011	1	353
Bulloo (S)	2016	0	22
Bulloo (S)	2016	1	297
Bundaberg (R)	2006	0	9007
Bundaberg (R)	2006	1	68334
Bundaberg (R)	2011	0	10748
Bundaberg (R)	2011	1	73975
Bundaberg (R)	2016	0	11108
Bundaberg (R)	2016	1	74468
Burdekin (S)	2006	0	1340
Burdekin (S)	2006	1	14692
Burdekin (S)	2011	0	1458
Burdekin (S)	2011	1	14924
Burdekin (S)	2016	0	1418
Burdekin (S)	2016	1	14221
Burke (S)	2006	0	29
Burke (S)	2006	1	350
Burke (S)	2011	0	30
Burke (S)	2011	1	389
Burke (S)	2016	0	23
Burke (S)	2016	1	242
Cairns (R)	2006	0	23164
Cairns (R)	2006	1	91931
Cairns (R)	2011	0	29524
Cairns (R)	2011	1	104159
Cairns (R)	2016	0	33699
Cairns (R)	2016	1	108012
Carpentaria (S)	2006	0	124
Carpentaria (S)	2006	1	1528
Carpentaria (S)	2011	0	152
Carpentaria (S)	2011	1	1606
Carpentaria (S)	2016	0	143
Carpentaria (S)	2016	1	1592
Cassowary Coast (R)	2006	0	3318
Cassowary Coast (R)	2006	1	22172
Cassowary Coast (R)	2011	0	3666
Cassowary Coast (R)	2011	1	22427
Cassowary Coast (R)	2016	0	3998
Cassowary Coast (R)	2016	1	21608
Central Highlands (R) (Qld)	2006	0	2208
Central Highlands (R) (Qld)	2006	1	22234
Central Highlands (R) (Qld)	2011	0	3120
Central Highlands (R) (Qld)	2011	1	23139
Central Highlands (R) (Qld)	2016	0	3039
Central Highlands (R) (Qld)	2016	1	21238
Charters Towers (R)	2006	0	647
Charters Towers (R)	2006	1	10142
Charters Towers (R)	2011	0	720
Charters Towers (R)	2011	1	10575
Charters Towers (R)	2016	0	664
Charters Towers (R)	2016	1	9897
Cherbourg (S)	2006	0	0
Cherbourg (S)	2006	1	1125
Cherbourg (S)	2011	0	0
Cherbourg (S)	2011	1	1217
Cherbourg (S)	2016	0	5
Cherbourg (S)	2016	1	1247
Cloncurry (S)	2006	0	203
Cloncurry (S)	2006	1	2641
Cloncurry (S)	2011	0	267
Cloncurry (S)	2011	1	2562
Cloncurry (S)	2016	0	265
Cloncurry (S)	2016	1	2302
Cook (S)	2006	0	385
Cook (S)	2006	1	2539
Cook (S)	2011	0	965
Cook (S)	2011	1	2855
Cook (S)	2016	0	575
Cook (S)	2016	1	2977
Croydon (S)	2006	0	11
Croydon (S)	2006	1	215
Croydon (S)	2011	0	14
Croydon (S)	2011	1	266
Croydon (S)	2016	0	11
Croydon (S)	2016	1	197
Diamantina (S)	2006	0	27
Diamantina (S)	2006	1	229
Diamantina (S)	2011	0	27
Diamantina (S)	2011	1	246
Diamantina (S)	2016	0	18
Diamantina (S)	2016	1	217
Doomadgee (S)	2006	0	0
Doomadgee (S)	2006	1	1076
Doomadgee (S)	2011	0	24
Doomadgee (S)	2011	1	1254
Doomadgee (S)	2016	0	23
Doomadgee (S)	2016	1	1359
Douglas (S)	2006	0	1895
Douglas (S)	2006	1	7281
Douglas (S)	2011	0	2076
Douglas (S)	2011	1	7647
Douglas (S)	2016	0	2352
Douglas (S)	2016	1	7612
Etheridge (S)	2006	0	60
Etheridge (S)	2006	1	718
Etheridge (S)	2011	0	70
Etheridge (S)	2011	1	775
Etheridge (S)	2016	0	55
Etheridge (S)	2016	1	651
Flinders (S) (Qld)	2006	0	79
Flinders (S) (Qld)	2006	1	1620
Flinders (S) (Qld)	2011	0	82
Flinders (S) (Qld)	2011	1	1554
Flinders (S) (Qld)	2016	0	75
Flinders (S) (Qld)	2016	1	1303
Fraser Coast (R)	2006	0	11174
Fraser Coast (R)	2006	1	68438
Fraser Coast (R)	2011	0	13340
Fraser Coast (R)	2011	1	77078
Fraser Coast (R)	2016	0	14162
Fraser Coast (R)	2016	1	78874
Gladstone (R)	2006	0	5341
Gladstone (R)	2006	1	41940
Gladstone (R)	2011	0	7184
Gladstone (R)	2011	1	46314
Gladstone (R)	2016	0	8921
Gladstone (R)	2016	1	47753
Gold Coast (C)	2006	0	109268
Gold Coast (C)	2006	1	286268
Gold Coast (C)	2011	0	138038
Gold Coast (C)	2011	1	322539
Gold Coast (C)	2016	0	157183
Gold Coast (C)	2016	1	355007
Goondiwindi (R)	2006	0	442
Goondiwindi (R)	2006	1	8842
Goondiwindi (R)	2011	0	581
Goondiwindi (R)	2011	1	9238
Goondiwindi (R)	2016	0	631
Goondiwindi (R)	2016	1	8814
Gympie (R)	2006	0	4287
Gympie (R)	2006	1	35222
Gympie (R)	2011	0	4976
Gympie (R)	2011	1	37922
Gympie (R)	2016	0	5342
Gympie (R)	2016	1	39681
Hinchinbrook (S)	2006	0	1275
Hinchinbrook (S)	2006	1	9804
Hinchinbrook (S)	2011	0	1223
Hinchinbrook (S)	2011	1	9768
Hinchinbrook (S)	2016	0	1052
Hinchinbrook (S)	2016	1	8883
Hope Vale (S)	2006	0	0
Hope Vale (S)	2006	1	773
Hope Vale (S)	2011	0	0
Hope Vale (S)	2011	1	976
Hope Vale (S)	2016	0	15
Hope Vale (S)	2016	1	876
Ipswich (C)	2006	0	21472
Ipswich (C)	2006	1	108745
Ipswich (C)	2011	0	31263
Ipswich (C)	2011	1	126867
Ipswich (C)	2016	0	39009
Ipswich (C)	2016	1	141232
Isaac (R)	2006	0	1465
Isaac (R)	2006	1	16145
Isaac (R)	2011	0	2231
Isaac (R)	2011	1	18061
Isaac (R)	2016	0	2098
Isaac (R)	2016	1	15606
Kowanyama (S)	2006	0	0
Kowanyama (S)	2006	1	1014
Kowanyama (S)	2011	0	0
Kowanyama (S)	2011	1	1030
Kowanyama (S)	2016	0	17
Kowanyama (S)	2016	1	922
Livingstone (S)	2006	0	2803
Livingstone (S)	2006	1	24066
Livingstone (S)	2011	0	3404
Livingstone (S)	2011	1	27079
Livingstone (S)	2016	0	3651
Livingstone (S)	2016	1	29404
Lockhart River (S)	2006	0	3
Lockhart River (S)	2006	1	543
Lockhart River (S)	2011	0	0
Lockhart River (S)	2011	1	478
Lockhart River (S)	2016	0	12
Lockhart River (S)	2016	1	675
Lockyer Valley (R)	2006	0	3204
Lockyer Valley (R)	2006	1	24829
Lockyer Valley (R)	2011	0	4313
Lockyer Valley (R)	2011	1	28201
Lockyer Valley (R)	2016	0	5010
Lockyer Valley (R)	2016	1	30174
Logan (C)	2006	0	59060
Logan (C)	2006	1	174659
Logan (C)	2011	0	72611
Logan (C)	2011	1	189679
Logan (C)	2016	0	82883
Logan (C)	2016	1	199656
Longreach (R)	2006	0	248
Longreach (R)	2006	1	3493
Longreach (R)	2011	0	263
Longreach (R)	2011	1	3686
Longreach (R)	2016	0	252
Longreach (R)	2016	1	3032
Mackay (R)	2006	0	9425
Mackay (R)	2006	1	82847
Mackay (R)	2011	0	13248
Mackay (R)	2011	1	92100
Mackay (R)	2016	0	13472
Mackay (R)	2016	1	91609
McKinlay (S)	2006	0	39
McKinlay (S)	2006	1	769
McKinlay (S)	2011	0	82
McKinlay (S)	2011	1	848
McKinlay (S)	2016	0	58
McKinlay (S)	2016	1	669
Mapoon (S)	2006	0	0
Mapoon (S)	2006	1	242
Mapoon (S)	2011	0	0
Mapoon (S)	2011	1	264
Mapoon (S)	2016	0	3
Mapoon (S)	2016	1	304
Maranoa (R)	2006	0	445
Maranoa (R)	2006	1	11179
Maranoa (R)	2011	0	779
Maranoa (R)	2011	1	11099
Maranoa (R)	2016	0	900
Maranoa (R)	2016	1	10393
Mareeba (S)	2006	0	3044
Mareeba (S)	2006	1	13595
Mareeba (S)	2011	0	3265
Mareeba (S)	2011	1	15382
Mareeba (S)	2016	0	3570
Mareeba (S)	2016	1	15545
Moreton Bay (R)	2006	0	54267
Moreton Bay (R)	2006	1	253052
Moreton Bay (R)	2011	0	71709
Moreton Bay (R)	2011	1	288295
Moreton Bay (R)	2016	0	83392
Moreton Bay (R)	2016	1	316064
Mornington (S)	2006	0	0
Mornington (S)	2006	1	1025
Mornington (S)	2011	0	4
Mornington (S)	2011	1	1133
Mornington (S)	2016	0	37
Mornington (S)	2016	1	1062
Mount Isa (C)	2006	0	2313
Mount Isa (C)	2006	1	14611
Mount Isa (C)	2011	0	3099
Mount Isa (C)	2011	1	15040
Mount Isa (C)	2016	0	3015
Mount Isa (C)	2016	1	13314
Murweh (S)	2006	0	234
Murweh (S)	2006	1	4028
Murweh (S)	2011	0	343
Murweh (S)	2011	1	3930
Murweh (S)	2016	0	297
Murweh (S)	2016	1	3649
Napranum (S)	2006	0	0
Napranum (S)	2006	1	832
Napranum (S)	2011	0	0
Napranum (S)	2011	1	858
Napranum (S)	2016	0	19
Napranum (S)	2016	1	927
Noosa (S)	2006	0	9287
Noosa (S)	2006	1	33641
Noosa (S)	2011	0	10690
Noosa (S)	2011	1	35507
Noosa (S)	2016	0	11270
Noosa (S)	2016	1	37384
North Burnett (R)	2006	0	671
North Burnett (R)	2006	1	8827
North Burnett (R)	2011	0	829
North Burnett (R)	2011	1	8581
North Burnett (R)	2016	0	982
North Burnett (R)	2016	1	8176
Northern Peninsula Area (R)	2006	0	0
Northern Peninsula Area (R)	2006	1	1912
Northern Peninsula Area (R)	2011	0	14
Northern Peninsula Area (R)	2011	1	2250
Northern Peninsula Area (R)	2016	0	80
Northern Peninsula Area (R)	2016	1	2630
Palm Island (S)	2006	0	0
Palm Island (S)	2006	1	1968
Palm Island (S)	2011	0	0
Palm Island (S)	2011	1	2319
Palm Island (S)	2016	0	47
Palm Island (S)	2016	1	2362
Paroo (S)	2006	0	72
Paroo (S)	2006	1	1710
Paroo (S)	2011	0	78
Paroo (S)	2011	1	1659
Paroo (S)	2016	0	67
Paroo (S)	2016	1	1424
Pormpuraaw (S)	2006	0	0
Pormpuraaw (S)	2006	1	598
Pormpuraaw (S)	2011	0	0
Pormpuraaw (S)	2011	1	657
Pormpuraaw (S)	2016	0	32
Pormpuraaw (S)	2016	1	707
Quilpie (S)	2006	0	47
Quilpie (S)	2006	1	867
Quilpie (S)	2011	0	63
Quilpie (S)	2011	1	871
Quilpie (S)	2016	0	49
Quilpie (S)	2016	1	721
Redland (C)	2006	0	26594
Redland (C)	2006	1	94440
Redland (C)	2011	0	31407
Redland (C)	2011	1	101847
Redland (C)	2016	0	33203
Redland (C)	2016	1	106607
Richmond (S)	2006	0	28
Richmond (S)	2006	1	786
Richmond (S)	2011	0	49
Richmond (S)	2011	1	718
Richmond (S)	2016	0	46
Richmond (S)	2016	1	667
Rockhampton (R)	2006	0	4755
Rockhampton (R)	2006	1	61877
Rockhampton (R)	2011	0	6693
Rockhampton (R)	2011	1	64100
Rockhampton (R)	2016	0	7494
Rockhampton (R)	2016	1	65958
Scenic Rim (R)	2006	0	4605
Scenic Rim (R)	2006	1	26453
Scenic Rim (R)	2011	0	5425
Scenic Rim (R)	2011	1	29359
Scenic Rim (R)	2016	0	5716
Scenic Rim (R)	2016	1	30803
Somerset (R)	2006	0	2081
Somerset (R)	2006	1	15186
Somerset (R)	2011	0	2609
Somerset (R)	2011	1	17933
Somerset (R)	2016	0	2977
Somerset (R)	2016	1	19297
South Burnett (R)	2006	0	2454
South Burnett (R)	2006	1	24661
South Burnett (R)	2011	0	2907
South Burnett (R)	2011	1	26619
South Burnett (R)	2016	0	2966
South Burnett (R)	2016	1	26503
Southern Downs (R)	2006	0	2869
Southern Downs (R)	2006	1	27007
Southern Downs (R)	2011	0	3350
Southern Downs (R)	2011	1	28937
Southern Downs (R)	2016	0	3639
Southern Downs (R)	2016	1	28899
Sunshine Coast (R)	2006	0	40690
Sunshine Coast (R)	2006	1	175201
Sunshine Coast (R)	2011	0	50087
Sunshine Coast (R)	2011	1	195448
Sunshine Coast (R)	2016	0	57556
Sunshine Coast (R)	2016	1	218114
Tablelands (R)	2006	0	2942
Tablelands (R)	2006	1	18004
Tablelands (R)	2011	0	3076
Tablelands (R)	2011	1	19143
Tablelands (R)	2016	0	3121
Tablelands (R)	2016	1	19204
Toowoomba (R)	2006	0	12884
Toowoomba (R)	2006	1	122047
Toowoomba (R)	2011	0	15783
Toowoomba (R)	2011	1	127653
Toowoomba (R)	2016	0	18807
Toowoomba (R)	2016	1	130242
Torres (S)	2006	0	38
Torres (S)	2006	1	3143
Torres (S)	2011	0	240
Torres (S)	2011	1	2637
Torres (S)	2016	0	238
Torres (S)	2016	1	2876
Torres Strait Island (R)	2006	0	5
Torres Strait Island (R)	2006	1	4358
Torres Strait Island (R)	2011	0	17
Torres Strait Island (R)	2011	1	4176
Torres Strait Island (R)	2016	0	178
Torres Strait Island (R)	2016	1	4232
Townsville (C)	2006	0	18001
Townsville (C)	2006	1	126217
Townsville (C)	2011	0	23181
Townsville (C)	2011	1	139830
Townsville (C)	2016	0	25588
Townsville (C)	2016	1	146744
Weipa (T)	2006	0	285
Weipa (T)	2006	1	2264
Weipa (T)	2011	0	358
Weipa (T)	2011	1	2594
Weipa (T)	2016	0	398
Weipa (T)	2016	1	3072
Western Downs (R)	2006	0	1401
Western Downs (R)	2006	1	25195
Western Downs (R)	2011	0	2003
Western Downs (R)	2011	1	27162
Western Downs (R)	2016	0	2388
Western Downs (R)	2016	1	27024
Whitsunday (R)	2006	0	3829
Whitsunday (R)	2006	1	22007
Whitsunday (R)	2011	0	4435
Whitsunday (R)	2011	1	23468
Whitsunday (R)	2016	0	5189
Whitsunday (R)	2016	1	23857
Winton (S)	2006	0	67
Winton (S)	2006	1	1146
Winton (S)	2011	0	71
Winton (S)	2011	1	1188
Winton (S)	2016	0	53
Winton (S)	2016	1	945
Woorabinda (S)	2006	0	0
Woorabinda (S)	2006	1	847
Woorabinda (S)	2011	0	0
Woorabinda (S)	2011	1	933
Woorabinda (S)	2016	0	14
Woorabinda (S)	2016	1	922
Wujal Wujal (S)	2006	0	0
Wujal Wujal (S)	2006	1	322
Wujal Wujal (S)	2011	0	0
Wujal Wujal (S)	2011	1	266
Wujal Wujal (S)	2016	0	4
Wujal Wujal (S)	2016	1	275
Yarrabah (S)	2006	0	0
Yarrabah (S)	2006	1	2355
Yarrabah (S)	2011	0	0
Yarrabah (S)	2011	1	2394
Yarrabah (S)	2016	0	7
Yarrabah (S)	2016	1	2538
No usual address (Qld)	2006	0	2982
No usual address (Qld)	2006	1	8208
No usual address (Qld)	2011	0	3316
No usual address (Qld)	2011	1	7922
No usual address (Qld)	2016	0	3157
No usual address (Qld)	2016	1	7348
Migratory - Offshore - Shipping (Qld)	2006	0	33
Migratory - Offshore - Shipping (Qld)	2006	1	57
Migratory - Offshore - Shipping (Qld)	2011	0	110
Migratory - Offshore - Shipping (Qld)	2011	1	281
Migratory - Offshore - Shipping (Qld)	2016	0	40
Migratory - Offshore - Shipping (Qld)	2016	1	89
Adelaide (C)	2006	0	5607
Adelaide (C)	2006	1	8970
Adelaide (C)	2011	0	8017
Adelaide (C)	2011	1	9777
Adelaide (C)	2016	0	9768
Adelaide (C)	2016	1	10050
Adelaide Hills (DC)	2006	0	6535
Adelaide Hills (DC)	2006	1	29550
Adelaide Hills (DC)	2011	0	6973
Adelaide Hills (DC)	2011	1	30473
Adelaide Hills (DC)	2016	0	6583
Adelaide Hills (DC)	2016	1	30228
Alexandrina (DC)	2006	0	3251
Alexandrina (DC)	2006	1	15844
Alexandrina (DC)	2011	0	3992
Alexandrina (DC)	2011	1	18780
Alexandrina (DC)	2016	0	4188
Alexandrina (DC)	2016	1	19803
Anangu Pitjantjatjara (AC)	2006	0	37
Anangu Pitjantjatjara (AC)	2006	1	2161
Anangu Pitjantjatjara (AC)	2011	0	35
Anangu Pitjantjatjara (AC)	2011	1	2376
Anangu Pitjantjatjara (AC)	2016	0	65
Anangu Pitjantjatjara (AC)	2016	1	2072
Barossa (DC)	2006	0	2398
Barossa (DC)	2006	1	17355
Barossa (DC)	2011	0	2674
Barossa (DC)	2011	1	18736
Barossa (DC)	2016	0	2693
Barossa (DC)	2016	1	19419
Barunga West (DC)	2006	0	170
Barunga West (DC)	2006	1	2193
Barunga West (DC)	2011	0	200
Barunga West (DC)	2011	1	2151
Barunga West (DC)	2016	0	199
Barunga West (DC)	2016	1	2120
Berri and Barmera (DC)	2006	0	1255
Berri and Barmera (DC)	2006	1	8995
Berri and Barmera (DC)	2011	0	1257
Berri and Barmera (DC)	2011	1	8747
Berri and Barmera (DC)	2016	0	1242
Berri and Barmera (DC)	2016	1	8449
Burnside (C)	2006	0	10327
Burnside (C)	2006	1	29486
Burnside (C)	2011	0	11486
Burnside (C)	2011	1	28888
Burnside (C)	2016	0	13389
Burnside (C)	2016	1	28641
Campbelltown (C) (SA)	2006	0	13620
Campbelltown (C) (SA)	2006	1	30196
Campbelltown (C) (SA)	2011	0	15806
Campbelltown (C) (SA)	2011	1	30580
Campbelltown (C) (SA)	2016	0	17102
Campbelltown (C) (SA)	2016	1	31062
Ceduna (DC)	2006	0	203
Ceduna (DC)	2006	1	3051
Ceduna (DC)	2011	0	236
Ceduna (DC)	2011	1	3069
Ceduna (DC)	2016	0	226
Ceduna (DC)	2016	1	2781
Charles Sturt (C)	2006	0	25676
Charles Sturt (C)	2006	1	68730
Charles Sturt (C)	2011	0	28694
Charles Sturt (C)	2011	1	71443
Charles Sturt (C)	2016	0	30790
Charles Sturt (C)	2016	1	74780
Clare and Gilbert Valleys (DC)	2006	0	751
Clare and Gilbert Valleys (DC)	2006	1	6984
Clare and Gilbert Valleys (DC)	2011	0	822
Clare and Gilbert Valleys (DC)	2011	1	7591
Clare and Gilbert Valleys (DC)	2016	0	851
Clare and Gilbert Valleys (DC)	2016	1	7488
Cleve (DC)	2006	0	79
Cleve (DC)	2006	1	1856
Cleve (DC)	2011	0	81
Cleve (DC)	2011	1	1672
Cleve (DC)	2016	0	83
Cleve (DC)	2016	1	1561
Coober Pedy (DC)	2006	0	518
Coober Pedy (DC)	2006	1	1044
Coober Pedy (DC)	2011	0	452
Coober Pedy (DC)	2011	1	1048
Coober Pedy (DC)	2016	0	458
Coober Pedy (DC)	2016	1	1011
Copper Coast (DC)	2006	0	1126
Copper Coast (DC)	2006	1	9631
Copper Coast (DC)	2011	0	1277
Copper Coast (DC)	2011	1	11185
Copper Coast (DC)	2016	0	1284
Copper Coast (DC)	2016	1	11545
Elliston (DC)	2006	0	55
Elliston (DC)	2006	1	1011
Elliston (DC)	2011	0	62
Elliston (DC)	2011	1	953
Elliston (DC)	2016	0	63
Elliston (DC)	2016	1	907
Flinders Ranges (DC)	2006	0	103
Flinders Ranges (DC)	2006	1	1451
Flinders Ranges (DC)	2011	0	117
Flinders Ranges (DC)	2011	1	1480
Flinders Ranges (DC)	2016	0	114
Flinders Ranges (DC)	2016	1	1390
Franklin Harbour (DC)	2006	0	53
Franklin Harbour (DC)	2006	1	1031
Franklin Harbour (DC)	2011	0	72
Franklin Harbour (DC)	2011	1	1044
Franklin Harbour (DC)	2016	0	68
Franklin Harbour (DC)	2016	1	1084
Gawler (T)	2006	0	3528
Gawler (T)	2006	1	14411
Gawler (T)	2011	0	3840
Gawler (T)	2011	1	15762
Gawler (T)	2016	0	4065
Gawler (T)	2016	1	17578
Goyder (DC)	2006	0	387
Goyder (DC)	2006	1	3569
Goyder (DC)	2011	0	397
Goyder (DC)	2011	1	3570
Goyder (DC)	2016	0	409
Goyder (DC)	2016	1	3369
Grant (DC)	2006	0	552
Grant (DC)	2006	1	6393
Grant (DC)	2011	0	568
Grant (DC)	2011	1	7012
Grant (DC)	2016	0	596
Grant (DC)	2016	1	7029
Holdfast Bay (C)	2006	0	6768
Holdfast Bay (C)	2006	1	24607
Holdfast Bay (C)	2011	0	7881
Holdfast Bay (C)	2011	1	24902
Holdfast Bay (C)	2016	0	7904
Holdfast Bay (C)	2016	1	25235
Kangaroo Island (DC)	2006	0	478
Kangaroo Island (DC)	2006	1	3479
Kangaroo Island (DC)	2011	0	594
Kangaroo Island (DC)	2011	1	3590
Kangaroo Island (DC)	2016	0	618
Kangaroo Island (DC)	2016	1	3571
Karoonda East Murray (DC)	2006	0	75
Karoonda East Murray (DC)	2006	1	1028
Karoonda East Murray (DC)	2011	0	74
Karoonda East Murray (DC)	2011	1	905
Karoonda East Murray (DC)	2016	0	68
Karoonda East Murray (DC)	2016	1	931
Kimba (DC)	2006	0	26
Kimba (DC)	2006	1	1032
Kimba (DC)	2011	0	39
Kimba (DC)	2011	1	996
Kimba (DC)	2016	0	42
Kimba (DC)	2016	1	944
Kingston (DC) (SA)	2006	0	140
Kingston (DC) (SA)	2006	1	2081
Kingston (DC) (SA)	2011	0	140
Kingston (DC) (SA)	2011	1	2055
Kingston (DC) (SA)	2016	0	143
Kingston (DC) (SA)	2016	1	2016
Light (RegC)	2006	0	1676
Light (RegC)	2006	1	10124
Light (RegC)	2011	0	1823
Light (RegC)	2011	1	11472
Light (RegC)	2016	0	1722
Light (RegC)	2016	1	12187
Lower Eyre Peninsula (DC)	2006	0	303
Lower Eyre Peninsula (DC)	2006	1	3869
Lower Eyre Peninsula (DC)	2011	0	354
Lower Eyre Peninsula (DC)	2011	1	4396
Lower Eyre Peninsula (DC)	2016	0	358
Lower Eyre Peninsula (DC)	2016	1	4711
Loxton Waikerie (DC)	2006	0	843
Loxton Waikerie (DC)	2006	1	10206
Loxton Waikerie (DC)	2011	0	896
Loxton Waikerie (DC)	2011	1	9950
Loxton Waikerie (DC)	2016	0	932
Loxton Waikerie (DC)	2016	1	9704
Mallala (DC)	2006	0	1105
Mallala (DC)	2006	1	6216
Mallala (DC)	2011	0	1187
Mallala (DC)	2011	1	6774
Mallala (DC)	2016	0	1140
Mallala (DC)	2016	1	6972
Maralinga Tjarutja (AC)	2006	0	0
Maralinga Tjarutja (AC)	2006	1	103
Maralinga Tjarutja (AC)	2011	0	0
Maralinga Tjarutja (AC)	2011	1	76
Maralinga Tjarutja (AC)	2016	0	0
Maralinga Tjarutja (AC)	2016	1	49
Marion (C)	2006	0	17611
Marion (C)	2006	1	57278
Marion (C)	2011	0	20929
Marion (C)	2011	1	58802
Marion (C)	2016	0	24243
Marion (C)	2016	1	60239
Mid Murray (DC)	2006	0	906
Mid Murray (DC)	2006	1	6618
Mid Murray (DC)	2011	0	940
Mid Murray (DC)	2011	1	6649
Mid Murray (DC)	2016	0	922
Mid Murray (DC)	2016	1	6949
Mitcham (C)	2006	0	12906
Mitcham (C)	2006	1	46526
Mitcham (C)	2011	0	13957
Mitcham (C)	2011	1	46928
Mitcham (C)	2016	0	14643
Mitcham (C)	2016	1	47546
Mount Barker (DC)	2006	0	3652
Mount Barker (DC)	2006	1	21570
Mount Barker (DC)	2011	0	4311
Mount Barker (DC)	2011	1	24531
Mount Barker (DC)	2016	0	4651
Mount Barker (DC)	2016	1	26723
Mount Gambier (C)	2006	0	2330
Mount Gambier (C)	2006	1	20483
Mount Gambier (C)	2011	0	2601
Mount Gambier (C)	2011	1	21693
Mount Gambier (C)	2016	0	2850
Mount Gambier (C)	2016	1	21789
Mount Remarkable (DC)	2006	0	217
Mount Remarkable (DC)	2006	1	2448
Mount Remarkable (DC)	2011	0	241
Mount Remarkable (DC)	2011	1	2492
Mount Remarkable (DC)	2016	0	204
Mount Remarkable (DC)	2016	1	2413
Murray Bridge (RC)	2006	0	1802
Murray Bridge (RC)	2006	1	14944
Murray Bridge (RC)	2011	0	2399
Murray Bridge (RC)	2011	1	16160
Murray Bridge (RC)	2016	0	3072
Murray Bridge (RC)	2016	1	16269
Naracoorte and Lucindale (DC)	2006	0	599
Naracoorte and Lucindale (DC)	2006	1	7113
Naracoorte and Lucindale (DC)	2011	0	871
Naracoorte and Lucindale (DC)	2011	1	6894
Naracoorte and Lucindale (DC)	2016	0	1130
Naracoorte and Lucindale (DC)	2016	1	6660
Northern Areas (DC)	2006	0	315
Northern Areas (DC)	2006	1	4103
Northern Areas (DC)	2011	0	341
Northern Areas (DC)	2011	1	4004
Northern Areas (DC)	2016	0	313
Northern Areas (DC)	2016	1	3881
Norwood Payneham St Peters (C)	2006	0	8746
Norwood Payneham St Peters (C)	2006	1	22827
Norwood Payneham St Peters (C)	2011	0	10156
Norwood Payneham St Peters (C)	2011	1	23061
Norwood Payneham St Peters (C)	2016	0	10711
Norwood Payneham St Peters (C)	2016	1	22889
Onkaparinga (C)	2006	0	31327
Onkaparinga (C)	2006	1	111456
Onkaparinga (C)	2011	0	34844
Onkaparinga (C)	2011	1	118599
Onkaparinga (C)	2016	0	35313
Onkaparinga (C)	2016	1	121930
Orroroo/Carrieton (DC)	2006	0	51
Orroroo/Carrieton (DC)	2006	1	853
Orroroo/Carrieton (DC)	2011	0	71
Orroroo/Carrieton (DC)	2011	1	773
Orroroo/Carrieton (DC)	2016	0	68
Orroroo/Carrieton (DC)	2016	1	735
Peterborough (DC)	2006	0	208
Peterborough (DC)	2006	1	1518
Peterborough (DC)	2011	0	180
Peterborough (DC)	2011	1	1441
Peterborough (DC)	2016	0	180
Peterborough (DC)	2016	1	1353
Playford (C)	2006	0	15586
Playford (C)	2006	1	49591
Playford (C)	2011	0	17179
Playford (C)	2011	1	57732
Playford (C)	2016	0	18947
Playford (C)	2016	1	63603
Port Adelaide Enfield (C)	2006	0	26966
Port Adelaide Enfield (C)	2006	1	68380
Port Adelaide Enfield (C)	2011	0	34446
Port Adelaide Enfield (C)	2011	1	72141
Port Adelaide Enfield (C)	2016	0	40467
Port Adelaide Enfield (C)	2016	1	73693
Port Augusta (C)	2006	0	1109
Port Augusta (C)	2006	1	11660
Port Augusta (C)	2011	0	1042
Port Augusta (C)	2011	1	11629
Port Augusta (C)	2016	0	946
Port Augusta (C)	2016	1	11560
Port Lincoln (C)	2006	0	1108
Port Lincoln (C)	2006	1	11515
Port Lincoln (C)	2011	0	1205
Port Lincoln (C)	2011	1	12191
Port Lincoln (C)	2016	0	1164
Port Lincoln (C)	2016	1	11718
Port Pirie City and Dists (M)	2006	0	1247
Port Pirie City and Dists (M)	2006	1	14954
Port Pirie City and Dists (M)	2011	0	1310
Port Pirie City and Dists (M)	2011	1	15254
Port Pirie City and Dists (M)	2016	0	1348
Port Pirie City and Dists (M)	2016	1	14857
Prospect (C)	2006	0	4362
Prospect (C)	2006	1	13813
Prospect (C)	2011	0	5304
Prospect (C)	2011	1	13832
Prospect (C)	2016	0	5498
Prospect (C)	2016	1	14044
Renmark Paringa (DC)	2006	0	1183
Renmark Paringa (DC)	2006	1	7597
Renmark Paringa (DC)	2011	0	1268
Renmark Paringa (DC)	2011	1	7339
Renmark Paringa (DC)	2016	0	1276
Renmark Paringa (DC)	2016	1	7359
Robe (DC)	2006	0	99
Robe (DC)	2006	1	1121
Robe (DC)	2011	0	96
Robe (DC)	2011	1	1208
Robe (DC)	2016	0	117
Robe (DC)	2016	1	1130
Roxby Downs (M)	2006	0	427
Roxby Downs (M)	2006	1	3370
Roxby Downs (M)	2011	0	624
Roxby Downs (M)	2011	1	3589
Roxby Downs (M)	2016	0	506
Roxby Downs (M)	2016	1	3004
Salisbury (C)	2006	0	30497
Salisbury (C)	2006	1	80685
Salisbury (C)	2011	0	35987
Salisbury (C)	2011	1	86478
Salisbury (C)	2016	0	42882
Salisbury (C)	2016	1	87490
Southern Mallee (DC)	2006	0	140
Southern Mallee (DC)	2006	1	1924
Southern Mallee (DC)	2011	0	175
Southern Mallee (DC)	2011	1	1846
Southern Mallee (DC)	2016	0	219
Southern Mallee (DC)	2016	1	1618
Streaky Bay (DC)	2006	0	106
Streaky Bay (DC)	2006	1	1785
Streaky Bay (DC)	2011	0	117
Streaky Bay (DC)	2011	1	1840
Streaky Bay (DC)	2016	0	106
Streaky Bay (DC)	2016	1	1803
Tatiara (DC)	2006	0	452
Tatiara (DC)	2006	1	6075
Tatiara (DC)	2011	0	659
Tatiara (DC)	2011	1	5696
Tatiara (DC)	2016	0	668
Tatiara (DC)	2016	1	5320
Tea Tree Gully (C)	2006	0	22025
Tea Tree Gully (C)	2006	1	70021
Tea Tree Gully (C)	2011	0	22890
Tea Tree Gully (C)	2011	1	69542
Tea Tree Gully (C)	2016	0	23335
Tea Tree Gully (C)	2016	1	70508
The Coorong (DC)	2006	0	399
The Coorong (DC)	2006	1	4918
The Coorong (DC)	2011	0	420
The Coorong (DC)	2011	1	4672
The Coorong (DC)	2016	0	446
The Coorong (DC)	2016	1	4503
Tumby Bay (DC)	2006	0	151
Tumby Bay (DC)	2006	1	2234
Tumby Bay (DC)	2011	0	146
Tumby Bay (DC)	2011	1	2366
Tumby Bay (DC)	2016	0	136
Tumby Bay (DC)	2016	1	2294
Unley (C)	2006	0	7523
Unley (C)	2006	1	26483
Unley (C)	2011	0	8533
Unley (C)	2011	1	26596
Unley (C)	2016	0	9348
Unley (C)	2016	1	26554
Victor Harbor (C)	2006	0	2222
Victor Harbor (C)	2006	1	9036
Victor Harbor (C)	2011	0	2661
Victor Harbor (C)	2011	1	10269
Victor Harbor (C)	2016	0	2783
Victor Harbor (C)	2016	1	10948
Wakefield (DC)	2006	0	551
Wakefield (DC)	2006	1	5416
Wakefield (DC)	2011	0	664
Wakefield (DC)	2011	1	5695
Wakefield (DC)	2016	0	702
Wakefield (DC)	2016	1	5624
Walkerville (M)	2006	0	1542
Walkerville (M)	2006	1	4972
Walkerville (M)	2011	0	1818
Walkerville (M)	2011	1	4847
Walkerville (M)	2016	0	2080
Walkerville (M)	2016	1	5052
Wattle Range (DC)	2006	0	1031
Wattle Range (DC)	2006	1	10169
Wattle Range (DC)	2011	0	1058
Wattle Range (DC)	2011	1	10147
Wattle Range (DC)	2016	0	969
Wattle Range (DC)	2016	1	9815
West Torrens (C)	2006	0	13440
West Torrens (C)	2006	1	35754
West Torrens (C)	2011	0	16159
West Torrens (C)	2011	1	36386
West Torrens (C)	2016	0	17744
West Torrens (C)	2016	1	37115
Whyalla (C)	2006	0	4372
Whyalla (C)	2006	1	15665
Whyalla (C)	2011	0	4368
Whyalla (C)	2011	1	16382
Whyalla (C)	2016	0	4021
Whyalla (C)	2016	1	16093
Wudinna (DC)	2006	0	53
Wudinna (DC)	2006	1	1203
Wudinna (DC)	2011	0	54
Wudinna (DC)	2011	1	1175
Wudinna (DC)	2016	0	53
Wudinna (DC)	2016	1	1095
Yankalilla (DC)	2006	0	747
Yankalilla (DC)	2006	1	3033
Yankalilla (DC)	2011	0	825
Yankalilla (DC)	2011	1	3394
Yankalilla (DC)	2016	0	914
Yankalilla (DC)	2016	1	3869
Yorke Peninsula (DC)	2006	0	1021
Yorke Peninsula (DC)	2006	1	9566
Yorke Peninsula (DC)	2011	0	1004
Yorke Peninsula (DC)	2011	1	9573
Yorke Peninsula (DC)	2016	0	1026
Yorke Peninsula (DC)	2016	1	9294
Unincorporated SA	2006	0	358
Unincorporated SA	2006	1	3039
Unincorporated SA	2011	0	434
Unincorporated SA	2011	1	3498
Unincorporated SA	2016	0	337
Unincorporated SA	2016	1	2630
No usual address (SA)	2006	0	658
No usual address (SA)	2006	1	1699
No usual address (SA)	2011	0	668
No usual address (SA)	2011	1	1996
No usual address (SA)	2016	0	605
No usual address (SA)	2016	1	1886
Migratory - Offshore - Shipping (SA)	2006	0	5
Migratory - Offshore - Shipping (SA)	2006	1	4
Migratory - Offshore - Shipping (SA)	2011	0	0
Migratory - Offshore - Shipping (SA)	2011	1	0
Migratory - Offshore - Shipping (SA)	2016	0	3
Migratory - Offshore - Shipping (SA)	2016	1	3
Albany (C)	2006	0	5521
Albany (C)	2006	1	24294
Albany (C)	2011	0	6549
Albany (C)	2011	1	25629
Albany (C)	2016	0	6922
Albany (C)	2016	1	27191
Armadale (C)	2006	0	14260
Armadale (C)	2006	1	32742
Armadale (C)	2011	0	18679
Armadale (C)	2011	1	39617
Armadale (C)	2016	0	27554
Armadale (C)	2016	1	46722
Ashburton (S)	2006	0	936
Ashburton (S)	2006	1	4448
Ashburton (S)	2011	0	1945
Ashburton (S)	2011	1	6609
Ashburton (S)	2016	0	3462
Ashburton (S)	2016	1	7321
Augusta-Margaret River (S)	2006	0	1775
Augusta-Margaret River (S)	2006	1	7761
Augusta-Margaret River (S)	2011	0	2337
Augusta-Margaret River (S)	2011	1	8525
Augusta-Margaret River (S)	2016	0	3015
Augusta-Margaret River (S)	2016	1	9884
Bassendean (T)	2006	0	3696
Bassendean (T)	2006	1	9004
Bassendean (T)	2011	0	4056
Bassendean (T)	2011	1	9586
Bassendean (T)	2016	0	4326
Bassendean (T)	2016	1	9809
Bayswater (C)	2006	0	19026
Bayswater (C)	2006	1	32748
Bayswater (C)	2011	0	23489
Bayswater (C)	2011	1	34204
Bayswater (C)	2016	0	25348
Bayswater (C)	2016	1	35050
Belmont (C)	2006	0	8938
Belmont (C)	2006	1	18599
Belmont (C)	2011	0	13083
Belmont (C)	2011	1	19320
Belmont (C)	2016	0	16075
Belmont (C)	2016	1	19461
Beverley (S)	2006	0	237
Beverley (S)	2006	1	1239
Beverley (S)	2011	0	257
Beverley (S)	2011	1	1225
Beverley (S)	2016	0	296
Beverley (S)	2016	1	1204
Boddington (S)	2006	0	182
Boddington (S)	2006	1	1092
Boddington (S)	2011	0	371
Boddington (S)	2011	1	1479
Boddington (S)	2016	0	323
Boddington (S)	2016	1	1350
Boyup Brook (S)	2006	0	210
Boyup Brook (S)	2006	1	1202
Boyup Brook (S)	2011	0	255
Boyup Brook (S)	2011	1	1286
Boyup Brook (S)	2016	0	232
Boyup Brook (S)	2016	1	1317
Bridgetown-Greenbushes (S)	2006	0	815
Bridgetown-Greenbushes (S)	2006	1	2917
Bridgetown-Greenbushes (S)	2011	0	967
Bridgetown-Greenbushes (S)	2011	1	3220
Bridgetown-Greenbushes (S)	2016	0	1058
Bridgetown-Greenbushes (S)	2016	1	3193
Brookton (S)	2006	0	91
Brookton (S)	2006	1	836
Brookton (S)	2011	0	100
Brookton (S)	2011	1	774
Brookton (S)	2016	0	97
Brookton (S)	2016	1	749
Broome (S)	2006	0	1266
Broome (S)	2006	1	9752
Broome (S)	2011	0	2033
Broome (S)	2011	1	11484
Broome (S)	2016	0	2413
Broome (S)	2016	1	11795
Broomehill-Tambellup (S)	2006	0	103
Broomehill-Tambellup (S)	2006	1	881
Broomehill-Tambellup (S)	2011	0	114
Broomehill-Tambellup (S)	2011	1	971
Broomehill-Tambellup (S)	2016	0	113
Broomehill-Tambellup (S)	2016	1	880
Bruce Rock (S)	2006	0	74
Bruce Rock (S)	2006	1	807
Bruce Rock (S)	2011	0	110
Bruce Rock (S)	2011	1	817
Bruce Rock (S)	2016	0	113
Bruce Rock (S)	2016	1	729
Bunbury (C)	2006	0	4864
Bunbury (C)	2006	1	22571
Bunbury (C)	2011	0	6475
Bunbury (C)	2011	1	22799
Bunbury (C)	2016	0	6574
Bunbury (C)	2016	1	22745
Busselton (C)	2006	0	3862
Busselton (C)	2006	1	19971
Busselton (C)	2011	0	5283
Busselton (C)	2011	1	23495
Busselton (C)	2016	0	6680
Busselton (C)	2016	1	27225
Cambridge (T)	2006	0	6095
Cambridge (T)	2006	1	16127
Cambridge (T)	2011	0	7205
Cambridge (T)	2011	1	16671
Cambridge (T)	2016	0	7819
Cambridge (T)	2016	1	17550
Canning (C)	2006	0	29805
Canning (C)	2006	1	42788
Canning (C)	2011	0	39221
Canning (C)	2011	1	42100
Canning (C)	2016	0	45346
Canning (C)	2016	1	40310
Capel (S)	2006	0	1707
Capel (S)	2006	1	8019
Capel (S)	2011	0	3045
Capel (S)	2011	1	10692
Capel (S)	2016	0	3736
Capel (S)	2016	1	12280
Carnamah (S)	2006	0	81
Carnamah (S)	2006	1	600
Carnamah (S)	2011	0	71
Carnamah (S)	2011	1	429
Carnamah (S)	2016	0	83
Carnamah (S)	2016	1	403
Carnarvon (S)	2006	0	889
Carnarvon (S)	2006	1	4293
Carnarvon (S)	2011	0	970
Carnarvon (S)	2011	1	4133
Carnarvon (S)	2016	0	955
Carnarvon (S)	2016	1	3620
Chapman Valley (S)	2006	0	120
Chapman Valley (S)	2006	1	752
Chapman Valley (S)	2011	0	166
Chapman Valley (S)	2011	1	941
Chapman Valley (S)	2016	0	186
Chapman Valley (S)	2016	1	1035
Chittering (S)	2006	0	769
Chittering (S)	2006	1	2535
Chittering (S)	2011	0	1054
Chittering (S)	2011	1	3141
Chittering (S)	2016	0	1270
Chittering (S)	2016	1	3649
Claremont (T)	2006	0	2384
Claremont (T)	2006	1	5874
Claremont (T)	2011	0	2740
Claremont (T)	2011	1	5852
Claremont (T)	2016	0	2988
Claremont (T)	2016	1	6309
Cockburn (C)	2006	0	21408
Cockburn (C)	2006	1	47947
Cockburn (C)	2011	0	29093
Cockburn (C)	2011	1	56358
Cockburn (C)	2016	0	35738
Cockburn (C)	2016	1	61872
Collie (S)	2006	0	1032
Collie (S)	2006	1	6899
Collie (S)	2011	0	1320
Collie (S)	2011	1	7240
Collie (S)	2016	0	989
Collie (S)	2016	1	6921
Coolgardie (S)	2006	0	666
Coolgardie (S)	2006	1	2656
Coolgardie (S)	2011	0	830
Coolgardie (S)	2011	1	2659
Coolgardie (S)	2016	0	666
Coolgardie (S)	2016	1	2414
Coorow (S)	2006	0	115
Coorow (S)	2006	1	1025
Coorow (S)	2011	0	128
Coorow (S)	2011	1	887
Coorow (S)	2016	0	114
Coorow (S)	2016	1	835
Corrigin (S)	2006	0	84
Corrigin (S)	2006	1	992
Corrigin (S)	2011	0	106
Corrigin (S)	2011	1	925
Corrigin (S)	2016	0	117
Corrigin (S)	2016	1	893
Cottesloe (T)	2006	0	1495
Cottesloe (T)	2006	1	4921
Cottesloe (T)	2011	0	1771
Cottesloe (T)	2011	1	5102
Cottesloe (T)	2016	0	1901
Cottesloe (T)	2016	1	5174
Cranbrook (S)	2006	0	172
Cranbrook (S)	2006	1	837
Cranbrook (S)	2011	0	159
Cranbrook (S)	2011	1	850
Cranbrook (S)	2016	0	175
Cranbrook (S)	2016	1	788
Cuballing (S)	2006	0	109
Cuballing (S)	2006	1	648
Cuballing (S)	2011	0	117
Cuballing (S)	2011	1	724
Cuballing (S)	2016	0	107
Cuballing (S)	2016	1	626
Cue (S)	2006	0	43
Cue (S)	2006	1	239
Cue (S)	2011	0	43
Cue (S)	2011	1	182
Cue (S)	2016	0	33
Cue (S)	2016	1	113
Cunderdin (S)	2006	0	122
Cunderdin (S)	2006	1	1033
Cunderdin (S)	2011	0	195
Cunderdin (S)	2011	1	1040
Cunderdin (S)	2016	0	245
Cunderdin (S)	2016	1	1066
Dalwallinu (S)	2006	0	125
Dalwallinu (S)	2006	1	1163
Dalwallinu (S)	2011	0	164
Dalwallinu (S)	2011	1	1041
Dalwallinu (S)	2016	0	254
Dalwallinu (S)	2016	1	1016
Dandaragan (S)	2006	0	361
Dandaragan (S)	2006	1	2266
Dandaragan (S)	2011	0	449
Dandaragan (S)	2011	1	2390
Dandaragan (S)	2016	0	435
Dandaragan (S)	2016	1	2427
Dardanup (S)	2006	0	1514
Dardanup (S)	2006	1	8307
Dardanup (S)	2011	0	1944
Dardanup (S)	2011	1	9878
Dardanup (S)	2016	0	2332
Dardanup (S)	2016	1	10713
Denmark (S)	2006	0	1074
Denmark (S)	2006	1	3155
Denmark (S)	2011	0	1246
Denmark (S)	2011	1	3683
Denmark (S)	2016	0	1328
Denmark (S)	2016	1	3887
Derby-West Kimberley (S)	2006	0	395
Derby-West Kimberley (S)	2006	1	5618
Derby-West Kimberley (S)	2011	0	1826
Derby-West Kimberley (S)	2011	1	5746
Derby-West Kimberley (S)	2016	0	619
Derby-West Kimberley (S)	2016	1	6457
Donnybrook-Balingup (S)	2006	0	867
Donnybrook-Balingup (S)	2006	1	3617
Donnybrook-Balingup (S)	2011	0	1033
Donnybrook-Balingup (S)	2011	1	4027
Donnybrook-Balingup (S)	2016	0	1022
Donnybrook-Balingup (S)	2016	1	4226
Dowerin (S)	2006	0	56
Dowerin (S)	2006	1	609
Dowerin (S)	2011	0	50
Dowerin (S)	2011	1	603
Dowerin (S)	2016	0	55
Dowerin (S)	2016	1	576
Dumbleyung (S)	2006	0	53
Dumbleyung (S)	2006	1	540
Dumbleyung (S)	2011	0	71
Dumbleyung (S)	2011	1	508
Dumbleyung (S)	2016	0	62
Dumbleyung (S)	2016	1	519
Dundas (S)	2006	0	207
Dundas (S)	2006	1	758
Dundas (S)	2011	0	234
Dundas (S)	2011	1	735
Dundas (S)	2016	0	157
Dundas (S)	2016	1	469
East Fremantle (T)	2006	0	1596
East Fremantle (T)	2006	1	4596
East Fremantle (T)	2011	0	1751
East Fremantle (T)	2011	1	4834
East Fremantle (T)	2016	0	1737
East Fremantle (T)	2016	1	5122
East Pilbara (S)	2006	0	1061
East Pilbara (S)	2006	1	4423
East Pilbara (S)	2011	0	2363
East Pilbara (S)	2011	1	7374
East Pilbara (S)	2016	0	2117
East Pilbara (S)	2016	1	6445
Esperance (S)	2006	0	1483
Esperance (S)	2006	1	10622
Esperance (S)	2011	0	1759
Esperance (S)	2011	1	10806
Esperance (S)	2016	0	1767
Esperance (S)	2016	1	10694
Exmouth (S)	2006	0	335
Exmouth (S)	2006	1	1543
Exmouth (S)	2011	0	399
Exmouth (S)	2011	1	1815
Exmouth (S)	2016	0	442
Exmouth (S)	2016	1	1997
Fremantle (C)	2006	0	7351
Fremantle (C)	2006	1	15408
Fremantle (C)	2011	0	8321
Fremantle (C)	2011	1	16594
Fremantle (C)	2016	0	8711
Fremantle (C)	2016	1	17550
Gingin (S)	2006	0	832
Gingin (S)	2006	1	2834
Gingin (S)	2011	0	1067
Gingin (S)	2011	1	3234
Gingin (S)	2016	0	1231
Gingin (S)	2016	1	3384
Gnowangerup (S)	2006	0	137
Gnowangerup (S)	2006	1	1165
Gnowangerup (S)	2011	0	108
Gnowangerup (S)	2011	1	1094
Gnowangerup (S)	2016	0	171
Gnowangerup (S)	2016	1	905
Goomalling (S)	2006	0	93
Goomalling (S)	2006	1	790
Goomalling (S)	2011	0	95
Goomalling (S)	2011	1	816
Goomalling (S)	2016	0	100
Goomalling (S)	2016	1	810
Gosnells (C)	2006	0	28927
Gosnells (C)	2006	1	56749
Gosnells (C)	2011	0	40225
Gosnells (C)	2011	1	59557
Gosnells (C)	2016	0	51096
Gosnells (C)	2016	1	60443
Greater Geraldton (C)	2006	0	3867
Greater Geraldton (C)	2006	1	26984
Greater Geraldton (C)	2011	0	5342
Greater Geraldton (C)	2011	1	29600
Greater Geraldton (C)	2016	0	5708
Greater Geraldton (C)	2016	1	29553
Halls Creek (S)	2006	0	81
Halls Creek (S)	2006	1	2740
Halls Creek (S)	2011	0	131
Halls Creek (S)	2011	1	3317
Halls Creek (S)	2016	0	188
Halls Creek (S)	2016	1	2687
Harvey (S)	2006	0	3010
Harvey (S)	2006	1	15189
Harvey (S)	2011	0	4329
Harvey (S)	2011	1	17514
Harvey (S)	2016	0	5087
Harvey (S)	2016	1	19334
Irwin (S)	2006	0	412
Irwin (S)	2006	1	2417
Irwin (S)	2011	0	492
Irwin (S)	2011	1	2885
Irwin (S)	2016	0	485
Irwin (S)	2016	1	2782
Jerramungup (S)	2006	0	111
Jerramungup (S)	2006	1	945
Jerramungup (S)	2011	0	117
Jerramungup (S)	2011	1	885
Jerramungup (S)	2016	0	127
Jerramungup (S)	2016	1	827
Joondalup (C)	2006	0	52145
Joondalup (C)	2006	1	89846
Joondalup (C)	2011	0	57425
Joondalup (C)	2011	1	89343
Joondalup (C)	2016	0	58441
Joondalup (C)	2016	1	89515
Kalamunda (S)	2006	0	13160
Kalamunda (S)	2006	1	33501
Kalamunda (S)	2011	0	14943
Kalamunda (S)	2011	1	35803
Kalamunda (S)	2016	0	16696
Kalamunda (S)	2016	1	37263
Kalgoorlie/Boulder (C)	2006	0	4541
Kalgoorlie/Boulder (C)	2006	1	20436
Kalgoorlie/Boulder (C)	2011	0	6897
Kalgoorlie/Boulder (C)	2011	1	20547
Kalgoorlie/Boulder (C)	2016	0	7156
Kalgoorlie/Boulder (C)	2016	1	19758
Karratha (C)	2006	0	2373
Karratha (C)	2006	1	11732
Karratha (C)	2011	0	4707
Karratha (C)	2011	1	13570
Karratha (C)	2016	0	4429
Karratha (C)	2016	1	14295
Katanning (S)	2006	0	585
Katanning (S)	2006	1	3134
Katanning (S)	2011	0	825
Katanning (S)	2011	1	3156
Katanning (S)	2016	0	843
Katanning (S)	2016	1	2720
Kellerberrin (S)	2006	0	121
Kellerberrin (S)	2006	1	998
Kellerberrin (S)	2011	0	116
Kellerberrin (S)	2011	1	1007
Kellerberrin (S)	2016	0	131
Kellerberrin (S)	2016	1	953
Kent (S)	2006	0	42
Kent (S)	2006	1	510
Kent (S)	2011	0	46
Kent (S)	2011	1	454
Kent (S)	2016	0	52
Kent (S)	2016	1	433
Kojonup (S)	2006	0	246
Kojonup (S)	2006	1	1733
Kojonup (S)	2011	0	264
Kojonup (S)	2011	1	1637
Kojonup (S)	2016	0	246
Kojonup (S)	2016	1	1523
Kondinin (S)	2006	0	87
Kondinin (S)	2006	1	840
Kondinin (S)	2011	0	128
Kondinin (S)	2011	1	834
Kondinin (S)	2016	0	121
Kondinin (S)	2016	1	670
Koorda (S)	2006	0	36
Koorda (S)	2006	1	375
Koorda (S)	2011	0	45
Koorda (S)	2011	1	373
Koorda (S)	2016	0	46
Koorda (S)	2016	1	338
Kulin (S)	2006	0	81
Kulin (S)	2006	1	762
Kulin (S)	2011	0	87
Kulin (S)	2011	1	724
Kulin (S)	2016	0	76
Kulin (S)	2016	1	627
Kwinana (C)	2006	0	5932
Kwinana (C)	2006	1	14950
Kwinana (C)	2011	0	8639
Kwinana (C)	2011	1	18244
Kwinana (C)	2016	0	13387
Kwinana (C)	2016	1	22541
Lake Grace (S)	2006	0	156
Lake Grace (S)	2006	1	1236
Lake Grace (S)	2011	0	183
Lake Grace (S)	2011	1	1127
Lake Grace (S)	2016	0	143
Lake Grace (S)	2016	1	994
Laverton (S)	2006	0	129
Laverton (S)	2006	1	550
Laverton (S)	2011	0	244
Laverton (S)	2011	1	852
Laverton (S)	2016	0	234
Laverton (S)	2016	1	716
Leonora (S)	2006	0	307
Leonora (S)	2006	1	1011
Leonora (S)	2011	0	591
Leonora (S)	2011	1	1376
Leonora (S)	2016	0	251
Leonora (S)	2016	1	810
Mandurah (C)	2006	0	11862
Mandurah (C)	2006	1	39314
Mandurah (C)	2011	0	17630
Mandurah (C)	2011	1	47701
Mandurah (C)	2016	0	22221
Mandurah (C)	2016	1	52883
Manjimup (S)	2006	0	1347
Manjimup (S)	2006	1	7299
Manjimup (S)	2011	0	1409
Manjimup (S)	2011	1	7322
Manjimup (S)	2016	0	1385
Manjimup (S)	2016	1	6888
Meekatharra (S)	2006	0	92
Meekatharra (S)	2006	1	780
Meekatharra (S)	2011	0	185
Meekatharra (S)	2011	1	939
Meekatharra (S)	2016	0	150
Meekatharra (S)	2016	1	667
Melville (C)	2006	0	29460
Melville (C)	2006	1	57989
Melville (C)	2011	0	32643
Melville (C)	2011	1	58758
Melville (C)	2016	0	33804
Melville (C)	2016	1	59577
Menzies (S)	2006	0	17
Menzies (S)	2006	1	193
Menzies (S)	2011	0	18
Menzies (S)	2011	1	347
Menzies (S)	2016	0	74
Menzies (S)	2016	1	352
Merredin (S)	2006	0	374
Merredin (S)	2006	1	2636
Merredin (S)	2011	0	481
Merredin (S)	2011	1	2615
Merredin (S)	2016	0	521
Merredin (S)	2016	1	2549
Mingenew (S)	2006	0	34
Mingenew (S)	2006	1	399
Mingenew (S)	2011	0	40
Mingenew (S)	2011	1	423
Mingenew (S)	2016	0	39
Mingenew (S)	2016	1	372
Moora (S)	2006	0	255
Moora (S)	2006	1	2040
Moora (S)	2011	0	298
Moora (S)	2011	1	2048
Moora (S)	2016	0	261
Moora (S)	2016	1	1877
Morawa (S)	2006	0	74
Morawa (S)	2006	1	710
Morawa (S)	2011	0	93
Morawa (S)	2011	1	725
Morawa (S)	2016	0	74
Morawa (S)	2016	1	596
Mosman Park (T)	2006	0	2374
Mosman Park (T)	2006	1	5138
Mosman Park (T)	2011	0	2806
Mosman Park (T)	2011	1	5273
Mosman Park (T)	2016	0	2799
Mosman Park (T)	2016	1	5224
Mount Magnet (S)	2006	0	49
Mount Magnet (S)	2006	1	330
Mount Magnet (S)	2011	0	88
Mount Magnet (S)	2011	1	502
Mount Magnet (S)	2016	0	60
Mount Magnet (S)	2016	1	297
Mount Marshall (S)	2006	0	51
Mount Marshall (S)	2006	1	538
Mount Marshall (S)	2011	0	38
Mount Marshall (S)	2011	1	432
Mount Marshall (S)	2016	0	52
Mount Marshall (S)	2016	1	420
Mukinbudin (S)	2006	0	51
Mukinbudin (S)	2006	1	497
Mukinbudin (S)	2011	0	45
Mukinbudin (S)	2011	1	427
Mukinbudin (S)	2016	0	62
Mukinbudin (S)	2016	1	448
Mundaring (S)	2006	0	8540
Mundaring (S)	2006	1	24645
Mundaring (S)	2011	0	9987
Mundaring (S)	2011	1	24640
Mundaring (S)	2016	0	9264
Mundaring (S)	2016	1	26774
Murchison (S)	2006	0	4
Murchison (S)	2006	1	98
Murchison (S)	2011	0	16
Murchison (S)	2011	1	88
Murchison (S)	2016	0	13
Murchison (S)	2016	1	94
Murray (S)	2006	0	2229
Murray (S)	2006	1	8706
Murray (S)	2011	0	2647
Murray (S)	2011	1	10592
Murray (S)	2016	0	3001
Murray (S)	2016	1	12186
Nannup (S)	2006	0	233
Nannup (S)	2006	1	886
Nannup (S)	2011	0	271
Nannup (S)	2011	1	931
Nannup (S)	2016	0	278
Nannup (S)	2016	1	917
Narembeen (S)	2006	0	109
Narembeen (S)	2006	1	746
Narembeen (S)	2011	0	96
Narembeen (S)	2011	1	672
Narembeen (S)	2016	0	105
Narembeen (S)	2016	1	623
Narrogin (S)	2006	0	613
Narrogin (S)	2006	1	4204
Narrogin (S)	2011	0	694
Narrogin (S)	2011	1	4163
Narrogin (S)	2016	0	740
Narrogin (S)	2016	1	3770
Nedlands (C)	2006	0	5884
Nedlands (C)	2006	1	12917
Nedlands (C)	2011	0	6726
Nedlands (C)	2011	1	12985
Nedlands (C)	2016	0	6711
Nedlands (C)	2016	1	13437
Ngaanyatjarraku (S)	2006	0	8
Ngaanyatjarraku (S)	2006	1	1309
Ngaanyatjarraku (S)	2011	0	5
Ngaanyatjarraku (S)	2011	1	1407
Ngaanyatjarraku (S)	2016	0	57
Ngaanyatjarraku (S)	2016	1	1436
Northam (S)	2006	0	1472
Northam (S)	2006	1	7528
Northam (S)	2011	0	1695
Northam (S)	2011	1	7956
Northam (S)	2016	0	2214
Northam (S)	2016	1	7745
Northampton (S)	2006	0	387
Northampton (S)	2006	1	2592
Northampton (S)	2011	0	430
Northampton (S)	2011	1	2561
Northampton (S)	2016	0	407
Northampton (S)	2016	1	2509
Nungarin (S)	2006	0	30
Nungarin (S)	2006	1	202
Nungarin (S)	2011	0	20
Nungarin (S)	2011	1	185
Nungarin (S)	2016	0	28
Nungarin (S)	2016	1	203
Peppermint Grove (S)	2006	0	346
Peppermint Grove (S)	2006	1	1119
Peppermint Grove (S)	2011	0	369
Peppermint Grove (S)	2011	1	1030
Peppermint Grove (S)	2016	0	424
Peppermint Grove (S)	2016	1	1102
Perenjori (S)	2006	0	37
Perenjori (S)	2006	1	460
Perenjori (S)	2011	0	159
Perenjori (S)	2011	1	667
Perenjori (S)	2016	0	80
Perenjori (S)	2016	1	457
Perth (C)	2006	0	5071
Perth (C)	2006	1	3866
Perth (C)	2011	0	8627
Perth (C)	2011	1	5327
Perth (C)	2016	0	11703
Perth (C)	2016	1	6494
Pingelly (S)	2006	0	158
Pingelly (S)	2006	1	887
Pingelly (S)	2011	0	166
Pingelly (S)	2011	1	940
Pingelly (S)	2016	0	156
Pingelly (S)	2016	1	855
Plantagenet (S)	2006	0	805
Plantagenet (S)	2006	1	3337
Plantagenet (S)	2011	0	1008
Plantagenet (S)	2011	1	3605
Plantagenet (S)	2016	0	978
Plantagenet (S)	2016	1	3626
Port Hedland (T)	2006	0	1724
Port Hedland (T)	2006	1	6952
Port Hedland (T)	2011	0	2646
Port Hedland (T)	2011	1	9256
Port Hedland (T)	2016	0	2950
Port Hedland (T)	2016	1	9139
Quairading (S)	2006	0	95
Quairading (S)	2006	1	852
Quairading (S)	2011	0	97
Quairading (S)	2011	1	910
Quairading (S)	2016	0	113
Quairading (S)	2016	1	764
Ravensthorpe (S)	2006	0	346
Ravensthorpe (S)	2006	1	1477
Ravensthorpe (S)	2011	0	357
Ravensthorpe (S)	2011	1	1618
Ravensthorpe (S)	2016	0	293
Ravensthorpe (S)	2016	1	1208
Rockingham (C)	2006	0	23775
Rockingham (C)	2006	1	54012
Rockingham (C)	2011	0	32732
Rockingham (C)	2011	1	65429
Rockingham (C)	2016	0	39655
Rockingham (C)	2016	1	75785
Sandstone (S)	2006	0	22
Sandstone (S)	2006	1	84
Sandstone (S)	2011	0	15
Sandstone (S)	2011	1	74
Sandstone (S)	2016	0	11
Sandstone (S)	2016	1	65
Serpentine-Jarrahdale (S)	2006	0	3031
Serpentine-Jarrahdale (S)	2006	1	9272
Serpentine-Jarrahdale (S)	2011	0	4290
Serpentine-Jarrahdale (S)	2011	1	12645
Serpentine-Jarrahdale (S)	2016	0	6790
Serpentine-Jarrahdale (S)	2016	1	18334
Shark Bay (S)	2006	0	138
Shark Bay (S)	2006	1	597
Shark Bay (S)	2011	0	153
Shark Bay (S)	2011	1	662
Shark Bay (S)	2016	0	170
Shark Bay (S)	2016	1	668
South Perth (C)	2006	0	12323
South Perth (C)	2006	1	22782
South Perth (C)	2011	0	14508
South Perth (C)	2011	1	23602
South Perth (C)	2016	0	15141
South Perth (C)	2016	1	23927
Stirling (C)	2006	0	56603
Stirling (C)	2006	1	106170
Stirling (C)	2011	0	70004
Stirling (C)	2011	1	112872
Stirling (C)	2016	0	79361
Stirling (C)	2016	1	116529
Subiaco (C)	2006	0	5450
Subiaco (C)	2006	1	9452
Subiaco (C)	2011	0	6758
Subiaco (C)	2011	1	9649
Subiaco (C)	2016	0	7745
Subiaco (C)	2016	1	10258
Swan (C)	2006	0	25794
Swan (C)	2006	1	60662
Swan (C)	2011	0	32728
Swan (C)	2011	1	69524
Swan (C)	2016	0	44057
Swan (C)	2016	1	80565
Tammin (S)	2006	0	39
Tammin (S)	2006	1	329
Tammin (S)	2011	0	41
Tammin (S)	2011	1	337
Tammin (S)	2016	0	47
Tammin (S)	2016	1	310
Three Springs (S)	2006	0	88
Three Springs (S)	2006	1	538
Three Springs (S)	2011	0	99
Three Springs (S)	2011	1	480
Three Springs (S)	2016	0	98
Three Springs (S)	2016	1	447
Toodyay (S)	2006	0	847
Toodyay (S)	2006	1	2973
Toodyay (S)	2011	0	948
Toodyay (S)	2011	1	3081
Toodyay (S)	2016	0	952
Toodyay (S)	2016	1	2991
Trayning (S)	2006	0	44
Trayning (S)	2006	1	329
Trayning (S)	2011	0	54
Trayning (S)	2011	1	297
Trayning (S)	2016	0	40
Trayning (S)	2016	1	246
Upper Gascoyne (S)	2006	0	10
Upper Gascoyne (S)	2006	1	232
Upper Gascoyne (S)	2011	0	9
Upper Gascoyne (S)	2011	1	222
Upper Gascoyne (S)	2016	0	20
Upper Gascoyne (S)	2016	1	225
Victoria Park (T)	2006	0	9716
Victoria Park (T)	2006	1	15466
Victoria Park (T)	2011	0	13210
Victoria Park (T)	2011	1	16625
Victoria Park (T)	2016	0	14023
Victoria Park (T)	2016	1	17842
Victoria Plains (S)	2006	0	110
Victoria Plains (S)	2006	1	743
Victoria Plains (S)	2011	0	131
Victoria Plains (S)	2011	1	704
Victoria Plains (S)	2016	0	140
Victoria Plains (S)	2016	1	670
Vincent (C)	2006	0	9064
Vincent (C)	2006	1	15716
Vincent (C)	2011	0	11276
Vincent (C)	2011	1	17734
Vincent (C)	2016	0	11651
Vincent (C)	2016	1	19124
Wagin (S)	2006	0	245
Wagin (S)	2006	1	1463
Wagin (S)	2011	0	284
Wagin (S)	2011	1	1475
Wagin (S)	2016	0	253
Wagin (S)	2016	1	1387
Wandering (S)	2006	0	32
Wandering (S)	2006	1	284
Wandering (S)	2011	0	63
Wandering (S)	2011	1	358
Wandering (S)	2016	0	53
Wandering (S)	2016	1	344
Wanneroo (C)	2006	0	39244
Wanneroo (C)	2006	1	64321
Wanneroo (C)	2011	0	60457
Wanneroo (C)	2011	1	83487
Wanneroo (C)	2016	0	77127
Wanneroo (C)	2016	1	99084
Waroona (S)	2006	0	537
Waroona (S)	2006	1	2678
Waroona (S)	2011	0	591
Waroona (S)	2011	1	2822
Waroona (S)	2016	0	674
Waroona (S)	2016	1	2944
West Arthur (S)	2006	0	78
West Arthur (S)	2006	1	721
West Arthur (S)	2011	0	83
West Arthur (S)	2011	1	757
West Arthur (S)	2016	0	79
West Arthur (S)	2016	1	652
Westonia (S)	2006	0	17
Westonia (S)	2006	1	184
Westonia (S)	2011	0	48
Westonia (S)	2011	1	215
Westonia (S)	2016	0	55
Westonia (S)	2016	1	206
Wickepin (S)	2006	0	68
Wickepin (S)	2006	1	628
Wickepin (S)	2011	0	64
Wickepin (S)	2011	1	649
Wickepin (S)	2016	0	63
Wickepin (S)	2016	1	603
Williams (S)	2006	0	75
Williams (S)	2006	1	740
Williams (S)	2011	0	81
Williams (S)	2011	1	790
Williams (S)	2016	0	90
Williams (S)	2016	1	790
Wiluna (S)	2006	0	128
Wiluna (S)	2006	1	504
Wiluna (S)	2011	0	273
Wiluna (S)	2011	1	742
Wiluna (S)	2016	0	163
Wiluna (S)	2016	1	456
Wongan-Ballidu (S)	2006	0	150
Wongan-Ballidu (S)	2006	1	1190
Wongan-Ballidu (S)	2011	0	153
Wongan-Ballidu (S)	2011	1	1211
Wongan-Ballidu (S)	2016	0	172
Wongan-Ballidu (S)	2016	1	1088
Woodanilling (S)	2006	0	32
Woodanilling (S)	2006	1	339
Woodanilling (S)	2011	0	45
Woodanilling (S)	2011	1	360
Woodanilling (S)	2016	0	50
Woodanilling (S)	2016	1	322
Wyalkatchem (S)	2006	0	51
Wyalkatchem (S)	2006	1	482
Wyalkatchem (S)	2011	0	64
Wyalkatchem (S)	2011	1	407
Wyalkatchem (S)	2016	0	52
Wyalkatchem (S)	2016	1	386
Wyndham-East Kimberley (S)	2006	0	565
Wyndham-East Kimberley (S)	2006	1	5026
Wyndham-East Kimberley (S)	2011	0	946
Wyndham-East Kimberley (S)	2011	1	6105
Wyndham-East Kimberley (S)	2016	0	935
Wyndham-East Kimberley (S)	2016	1	5282
Yalgoo (S)	2006	0	19
Yalgoo (S)	2006	1	197
Yalgoo (S)	2011	0	64
Yalgoo (S)	2011	1	276
Yalgoo (S)	2016	0	60
Yalgoo (S)	2016	1	208
Yilgarn (S)	2006	0	182
Yilgarn (S)	2006	1	1131
Yilgarn (S)	2011	0	263
Yilgarn (S)	2011	1	1176
Yilgarn (S)	2016	0	175
Yilgarn (S)	2016	1	835
York (S)	2006	0	542
York (S)	2006	1	2403
York (S)	2011	0	605
York (S)	2011	1	2569
York (S)	2016	0	593
York (S)	2016	1	2583
No usual address (WA)	2006	0	1651
No usual address (WA)	2006	1	3622
No usual address (WA)	2011	0	2285
No usual address (WA)	2011	1	4239
No usual address (WA)	2016	0	1484
No usual address (WA)	2016	1	3512
Migratory - Offshore - Shipping (WA)	2006	0	114
Migratory - Offshore - Shipping (WA)	2006	1	200
Migratory - Offshore - Shipping (WA)	2011	0	112
Migratory - Offshore - Shipping (WA)	2011	1	239
Migratory - Offshore - Shipping (WA)	2016	0	168
Migratory - Offshore - Shipping (WA)	2016	1	193
Break O'Day (M)	2006	0	696
Break O'Day (M)	2006	1	4893
Break O'Day (M)	2011	0	758
Break O'Day (M)	2011	1	5070
Break O'Day (M)	2016	0	770
Break O'Day (M)	2016	1	4753
Brighton (M)	2006	0	641
Brighton (M)	2006	1	12222
Brighton (M)	2011	0	745
Brighton (M)	2011	1	13631
Brighton (M)	2016	0	771
Brighton (M)	2016	1	14406
Burnie (C)	2006	0	1514
Burnie (C)	2006	1	16469
Burnie (C)	2011	0	1588
Burnie (C)	2011	1	16685
Burnie (C)	2016	0	1565
Burnie (C)	2016	1	16054
Central Coast (M) (Tas.)	2006	0	1761
Central Coast (M) (Tas.)	2006	1	17679
Central Coast (M) (Tas.)	2011	0	1825
Central Coast (M) (Tas.)	2011	1	18441
Central Coast (M) (Tas.)	2016	0	1845
Central Coast (M) (Tas.)	2016	1	17969
Central Highlands (M) (Tas.)	2006	0	138
Central Highlands (M) (Tas.)	2006	1	1916
Central Highlands (M) (Tas.)	2011	0	184
Central Highlands (M) (Tas.)	2011	1	1920
Central Highlands (M) (Tas.)	2016	0	192
Central Highlands (M) (Tas.)	2016	1	1755
Circular Head (M)	2006	0	613
Circular Head (M)	2006	1	6955
Circular Head (M)	2011	0	687
Circular Head (M)	2011	1	6852
Circular Head (M)	2016	0	647
Circular Head (M)	2016	1	6522
Clarence (C)	2006	0	4679
Clarence (C)	2006	1	42137
Clarence (C)	2011	0	5225
Clarence (C)	2011	1	44281
Clarence (C)	2016	0	5590
Clarence (C)	2016	1	46228
Derwent Valley (M)	2006	0	695
Derwent Valley (M)	2006	1	8106
Derwent Valley (M)	2011	0	733
Derwent Valley (M)	2011	1	8561
Derwent Valley (M)	2016	0	719
Derwent Valley (M)	2016	1	8409
Devonport (C)	2006	0	2002
Devonport (C)	2006	1	20649
Devonport (C)	2011	0	2084
Devonport (C)	2011	1	21260
Devonport (C)	2016	0	2087
Devonport (C)	2016	1	20931
Dorset (M)	2006	0	429
Dorset (M)	2006	1	6126
Dorset (M)	2011	0	515
Dorset (M)	2011	1	5978
Dorset (M)	2016	0	525
Dorset (M)	2016	1	5476
Flinders (M) (Tas.)	2006	0	79
Flinders (M) (Tas.)	2006	1	751
Flinders (M) (Tas.)	2011	0	73
Flinders (M) (Tas.)	2011	1	632
Flinders (M) (Tas.)	2016	0	86
Flinders (M) (Tas.)	2016	1	741
George Town (M)	2006	0	707
George Town (M)	2006	1	5374
George Town (M)	2011	0	734
George Town (M)	2011	1	5590
George Town (M)	2016	0	719
George Town (M)	2016	1	5358
Glamorgan/Spring Bay (M)	2006	0	415
Glamorgan/Spring Bay (M)	2006	1	3439
Glamorgan/Spring Bay (M)	2011	0	448
Glamorgan/Spring Bay (M)	2011	1	3536
Glamorgan/Spring Bay (M)	2016	0	456
Glamorgan/Spring Bay (M)	2016	1	3488
Glenorchy (C)	2006	0	4144
Glenorchy (C)	2006	1	36102
Glenorchy (C)	2011	0	4915
Glenorchy (C)	2011	1	37555
Glenorchy (C)	2016	0	5788
Glenorchy (C)	2016	1	36904
Hobart (C)	2006	0	8766
Hobart (C)	2006	1	35774
Hobart (C)	2011	0	10200
Hobart (C)	2011	1	36112
Hobart (C)	2016	0	11471
Hobart (C)	2016	1	35872
Huon Valley (M)	2006	0	1665
Huon Valley (M)	2006	1	11484
Huon Valley (M)	2011	0	2139
Huon Valley (M)	2011	1	12389
Huon Valley (M)	2016	0	2367
Huon Valley (M)	2016	1	12467
Kentish (M)	2006	0	562
Kentish (M)	2006	1	4880
Kentish (M)	2011	0	696
Kentish (M)	2011	1	5155
Kentish (M)	2016	0	720
Kentish (M)	2016	1	4860
King Island (M)	2006	0	202
King Island (M)	2006	1	1348
King Island (M)	2011	0	217
King Island (M)	2011	1	1279
King Island (M)	2016	0	196
King Island (M)	2016	1	1244
Kingborough (M)	2006	0	5000
Kingborough (M)	2006	1	24473
Kingborough (M)	2011	0	5828
Kingborough (M)	2011	1	26931
Kingborough (M)	2016	0	5955
Kingborough (M)	2016	1	28084
Latrobe (M) (Tas.)	2006	0	691
Latrobe (M) (Tas.)	2006	1	7521
Latrobe (M) (Tas.)	2011	0	872
Latrobe (M) (Tas.)	2011	1	8551
Latrobe (M) (Tas.)	2016	0	925
Latrobe (M) (Tas.)	2016	1	8981
Launceston (C)	2006	0	6226
Launceston (C)	2006	1	52103
Launceston (C)	2011	0	7437
Launceston (C)	2011	1	53621
Launceston (C)	2016	0	8180
Launceston (C)	2016	1	51970
Meander Valley (M)	2006	0	1787
Meander Valley (M)	2006	1	15550
Meander Valley (M)	2011	0	1962
Meander Valley (M)	2011	1	16253
Meander Valley (M)	2016	0	1927
Meander Valley (M)	2016	1	15940
Northern Midlands (M)	2006	0	924
Northern Midlands (M)	2006	1	10427
Northern Midlands (M)	2011	0	1036
Northern Midlands (M)	2011	1	10725
Northern Midlands (M)	2016	0	1030
Northern Midlands (M)	2016	1	10603
Sorell (M)	2006	0	990
Sorell (M)	2006	1	10226
Sorell (M)	2011	0	1139
Sorell (M)	2011	1	11382
Sorell (M)	2016	0	1220
Sorell (M)	2016	1	12146
Southern Midlands (M)	2006	0	340
Southern Midlands (M)	2006	1	4948
Southern Midlands (M)	2011	0	361
Southern Midlands (M)	2011	1	5349
Southern Midlands (M)	2016	0	345
Southern Midlands (M)	2016	1	5113
Tasman (M)	2006	0	259
Tasman (M)	2006	1	1843
Tasman (M)	2011	0	292
Tasman (M)	2011	1	1942
Tasman (M)	2016	0	261
Tasman (M)	2016	1	1783
Waratah/Wynyard (M)	2006	0	1263
Waratah/Wynyard (M)	2006	1	11427
Waratah/Wynyard (M)	2011	0	1290
Waratah/Wynyard (M)	2011	1	11795
Waratah/Wynyard (M)	2016	0	1257
Waratah/Wynyard (M)	2016	1	11266
West Coast (M)	2006	0	393
West Coast (M)	2006	1	4268
West Coast (M)	2011	0	366
West Coast (M)	2011	1	3995
West Coast (M)	2016	0	357
West Coast (M)	2016	1	3393
West Tamar (M)	2006	0	2813
West Tamar (M)	2006	1	16854
West Tamar (M)	2011	0	3083
West Tamar (M)	2011	1	17894
West Tamar (M)	2016	0	3107
West Tamar (M)	2016	1	18054
No usual address (Tas.)	2006	0	130
No usual address (Tas.)	2006	1	659
No usual address (Tas.)	2011	0	183
No usual address (Tas.)	2011	1	821
No usual address (Tas.)	2016	0	139
No usual address (Tas.)	2016	1	659
Migratory - Offshore - Shipping (Tas.)	2006	0	20
Migratory - Offshore - Shipping (Tas.)	2006	1	64
Migratory - Offshore - Shipping (Tas.)	2011	0	19
Migratory - Offshore - Shipping (Tas.)	2011	1	85
Migratory - Offshore - Shipping (Tas.)	2016	0	18
Migratory - Offshore - Shipping (Tas.)	2016	1	49
Alice Springs (T)	2006	0	3869
Alice Springs (T)	2006	1	17838
Alice Springs (T)	2011	0	5016
Alice Springs (T)	2011	1	17871
Alice Springs (T)	2016	0	5796
Alice Springs (T)	2016	1	15930
Barkly (R)	2006	0	286
Barkly (R)	2006	1	5771
Barkly (R)	2011	0	382
Barkly (R)	2011	1	6027
Barkly (R)	2016	0	506
Barkly (R)	2016	1	5647
Belyuen (S)	2006	0	0
Belyuen (S)	2006	1	168
Belyuen (S)	2011	0	0
Belyuen (S)	2011	1	179
Belyuen (S)	2016	0	0
Belyuen (S)	2016	1	165
Central Desert (R)	2006	0	34
Central Desert (R)	2006	1	3876
Central Desert (R)	2011	0	88
Central Desert (R)	2011	1	3541
Central Desert (R)	2016	0	105
Central Desert (R)	2016	1	3391
Coomalie (S)	2006	0	130
Coomalie (S)	2006	1	693
Coomalie (S)	2011	0	149
Coomalie (S)	2011	1	769
Coomalie (S)	2016	0	157
Coomalie (S)	2016	1	875
Darwin (C)	2006	0	14185
Darwin (C)	2006	1	45408
Darwin (C)	2011	0	19455
Darwin (C)	2011	1	45442
Darwin (C)	2016	0	24961
Darwin (C)	2016	1	44953
East Arnhem (R)	2006	0	23
East Arnhem (R)	2006	1	8093
East Arnhem (R)	2011	0	16
East Arnhem (R)	2011	1	9036
East Arnhem (R)	2016	0	135
East Arnhem (R)	2016	1	8713
Katherine (T)	2006	0	796
Katherine (T)	2006	1	6784
Katherine (T)	2011	0	985
Katherine (T)	2011	1	7288
Katherine (T)	2016	0	1159
Katherine (T)	2016	1	6577
Litchfield (M)	2006	0	2158
Litchfield (M)	2006	1	11450
Litchfield (M)	2011	0	2331
Litchfield (M)	2011	1	14164
Litchfield (M)	2016	0	3034
Litchfield (M)	2016	1	16859
MacDonnell (R)	2006	0	76
MacDonnell (R)	2006	1	5679
MacDonnell (R)	2011	0	97
MacDonnell (R)	2011	1	5564
MacDonnell (R)	2016	0	168
MacDonnell (R)	2016	1	5434
Palmerston (C)	2006	0	3012
Palmerston (C)	2006	1	17734
Palmerston (C)	2011	0	4209
Palmerston (C)	2011	1	20980
Palmerston (C)	2016	0	6844
Palmerston (C)	2016	1	23846
Roper Gulf (R)	2006	0	73
Roper Gulf (R)	2006	1	5329
Roper Gulf (R)	2011	0	118
Roper Gulf (R)	2011	1	5857
Roper Gulf (R)	2016	0	206
Roper Gulf (R)	2016	1	5894
Tiwi Islands (R)	2006	0	10
Tiwi Islands (R)	2006	1	2106
Tiwi Islands (R)	2011	0	4
Tiwi Islands (R)	2011	1	2549
Tiwi Islands (R)	2016	0	74
Tiwi Islands (R)	2016	1	2319
Victoria Daly (R)	2006	0	78
Victoria Daly (R)	2006	1	2603
Victoria Daly (R)	2011	0	101
Victoria Daly (R)	2011	1	2657
Victoria Daly (R)	2016	0	96
Victoria Daly (R)	2016	1	2316
Wagait (S)	2006	0	52
Wagait (S)	2006	1	211
Wagait (S)	2011	0	63
Wagait (S)	2011	1	276
Wagait (S)	2016	0	82
Wagait (S)	2016	1	351
West Arnhem (R)	2006	0	168
West Arnhem (R)	2006	1	5163
West Arnhem (R)	2011	0	239
West Arnhem (R)	2011	1	5766
West Arnhem (R)	2016	0	249
West Arnhem (R)	2016	1	5480
West Daly (R)	2006	0	3
West Daly (R)	2006	1	2616
West Daly (R)	2011	0	10
West Daly (R)	2011	1	2999
West Daly (R)	2016	0	37
West Daly (R)	2016	1	2997
Unincorporated NT	2006	0	1201
Unincorporated NT	2006	1	5304
Unincorporated NT	2011	0	1427
Unincorporated NT	2011	1	5821
Unincorporated NT	2016	0	1347
Unincorporated NT	2016	1	4386
No usual address (NT)	2006	0	361
No usual address (NT)	2006	1	1275
No usual address (NT)	2011	0	455
No usual address (NT)	2011	1	1167
No usual address (NT)	2016	0	402
No usual address (NT)	2016	1	1379
Migratory - Offshore - Shipping (NT)	2006	0	20
Migratory - Offshore - Shipping (NT)	2006	1	64
Migratory - Offshore - Shipping (NT)	2011	0	30
Migratory - Offshore - Shipping (NT)	2011	1	65
Migratory - Offshore - Shipping (NT)	2016	0	53
Migratory - Offshore - Shipping (NT)	2016	1	16
Unincorporated ACT	2006	0	70201
Unincorporated ACT	2006	1	235979
Unincorporated ACT	2011	0	86163
Unincorporated ACT	2011	1	254624
Unincorporated ACT	2016	0	105039
Unincorporated ACT	2016	1	269693
No usual address (ACT)	2006	0	163
No usual address (ACT)	2006	1	481
No usual address (ACT)	2011	0	160
No usual address (ACT)	2011	1	435
No usual address (ACT)	2016	0	130
No usual address (ACT)	2016	1	351
Migratory - Offshore - Shipping (ACT)	2006	0	0
Migratory - Offshore - Shipping (ACT)	2006	1	0
Migratory - Offshore - Shipping (ACT)	2011	0	0
Migratory - Offshore - Shipping (ACT)	2011	1	0
Migratory - Offshore - Shipping (ACT)	2016	0	0
Migratory - Offshore - Shipping (ACT)	2016	1	0
Unincorp. Other Territories	2006	0	663
Unincorp. Other Territories	2006	1	1463
Unincorp. Other Territories	2011	0	1255
Unincorp. Other Territories	2011	1	1452
Unincorp. Other Territories	2016	0	1452
Unincorp. Other Territories	2016	1	2504
No usual address (OT)	2006	0	5
No usual address (OT)	2006	1	16
No usual address (OT)	2011	0	5
No usual address (OT)	2011	1	19
No usual address (OT)	2016	0	22
No usual address (OT)	2016	1	24
Migratory - Offshore - Shipping (OT)	2006	0	0
Migratory - Offshore - Shipping (OT)	2006	1	0
Migratory - Offshore - Shipping (OT)	2011	0	0
Migratory - Offshore - Shipping (OT)	2011	1	0
Migratory - Offshore - Shipping (OT)	2016	0	0
Migratory - Offshore - Shipping (OT)	2016	1	4
